date,signals_json,fills_json,eod_portfolio_value,pnl_day,pnl_cum,cash,positions_json
2026-04-22,"{""BTC/USDT"":-0.06325378847938236,""ETH/USDT"":-0.04554759949839422,""LTC/USDT"":-0.06374451929543007,""BNB/USDT"":-0.07295637338073638}","[{""ticker"":""BNB/USDT"",""qty_delta"":-11.444675573868006,""price"":637.47,""cost_usd"":3.647818669036819,""notes"":""target_w=-0.0730""},{""ticker"":""BTC/USDT"",""qty_delta"":-0.08090972190005115,""price"":78178.23,""cost_usd"":3.162689423969118,""notes"":""target_w=-0.0633""},{""ticker"":""ETH/USDT"",""qty_delta"":-1.9185449248924513,""price"":2374.07,""cost_usd"":2.277379974919711,""notes"":""target_w=-0.0455""},{""ticker"":""LTC/USDT"",""qty_delta"":-114.87568804366565,""price"":55.49,""cost_usd"":3.1872259647715038,""notes"":""target_w=-0.0637""}]",99987.72,-12.28,-12.28,124537.95,"{""BNB/USDT"":{""qty"":-11.444675573868006,""avg_cost"":637.47},""BTC/USDT"":{""qty"":-0.08090972190005115,""avg_cost"":78178.23},""ETH/USDT"":{""qty"":-1.9185449248924513,""avg_cost"":2374.07},""LTC/USDT"":{""qty"":-114.87568804366565,""avg_cost"":55.49}}"
2026-04-22,2026-04-22T21:00:00,daily,"{""BTC/USDT"":-0.06325378847938236,""ETH/USDT"":-0.04554759949839422,""LTC/USDT"":-0.06374451929543007,""BNB/USDT"":-0.07295637338073638}","[{""ticker"":""BNB/USDT"",""qty_delta"":0.001404846977365537,""price"":637.47,""cost_usd"":0.0004477739013306045,""notes"":""target_w=-0.0730""},{""ticker"":""ETH/USDT"",""qty_delta"":0.0002355035772991787,""price"":2374.07,""cost_usd"":0.0002795509888793306,""notes"":""target_w=-0.0455""},{""ticker"":""LTC/USDT"",""qty_delta"":0.014101121703205877,""price"":55.49,""cost_usd"":0.0003912356216554471,""notes"":""target_w=-0.0637""}]",99987.72,-0.0,-12.28,124535.71,"{""BNB/USDT"":{""qty"":-11.44327072689064,""avg_cost"":637.47},""BTC/USDT"":{""qty"":-0.08090972190005115,""avg_cost"":78178.23},""ETH/USDT"":{""qty"":-1.9183094213151521,""avg_cost"":2374.07},""LTC/USDT"":{""qty"":-114.86158692196244,""avg_cost"":55.49}}"
2026-05-01,2026-05-01T09:30:00,daily,"{""BTC/USDT"":-0.06285857898740227,""ETH/USDT"":-0.04545884708545312,""LTC/USDT"":-0.06377010716110226,""BNB/USDT"":-0.07285865798285149}","[{""ticker"":""BNB/USDT"",""qty_delta"":-0.044628892102439366,""price"":635.15,""cost_usd"":0.014173020409432182,""notes"":""target_w=-0.0729""},{""ticker"":""BTC/USDT"",""qty_delta"":-0.00020053176158996155,""price"":77611.23,""cost_usd"":0.0077817583355318356,""notes"":""target_w=-0.0629""},{""ticker"":""ETH/USDT"",""qty_delta"":-0.04190721738395076,""price"":2322.47,""cost_usd"":0.04866412757885205,""notes"":""target_w=-0.0455""},{""ticker"":""LTC/USDT"",""qty_delta"":-0.0008754283854273126,""price"":55.6,""cost_usd"":2.433690911487929e-05,""notes"":""target_w=-0.0638""}]",100146.43,158.7,146.43,124676.93,"{""BNB/USDT"":{""qty"":-11.48789961899308,""avg_cost"":637.460987122702},""BTC/USDT"":{""qty"":-0.08111025366164111,""avg_cost"":78176.82818575719},""ETH/USDT"":{""qty"":-1.960216638699103,""avg_cost"":2372.966850289748},""LTC/USDT"":{""qty"":-114.86246235034787,""avg_cost"":55.49000083836896}}"
2026-04-27,2026-04-27T21:00:00,daily,"{""BTC/USDT"":-0.0681708318522941,""ETH/USDT"":-0.05070564429404528,""LTC/USDT"":-0.08157163132746532,""BNB/USDT"":-0.08542572362886186}","[{""ticker"":""BNB/USDT"",""qty_delta"":-2.2688403247340663,""price"":623.66,""cost_usd"":0.7074924784618238,""notes"":""target_w=-0.0854""},{""ticker"":""BTC/USDT"",""qty_delta"":-0.007958978222950386,""price"":76868.01,""cost_usd"":0.30589540881576627,""notes"":""target_w=-0.0682""},{""ticker"":""ETH/USDT"",""qty_delta"":-0.2637768221903394,""price"":2289.8,""cost_usd"":0.3019980837257196,""notes"":""target_w=-0.0507""},{""ticker"":""LTC/USDT"",""qty_delta"":-33.176060998472735,""price"":55.34,""cost_usd"":0.9179816078277406,""notes"":""target_w=-0.0816""}]",100430.38,283.95,430.38,129141.43,"{""BNB/USDT"":{""qty"":-13.756739943727146,""avg_cost"":635.1848492998452},""BTC/USDT"":{""qty"":-0.0890692318845915,""avg_cost"":78059.87584185756},""ETH/USDT"":{""qty"":-2.2239934608894423,""avg_cost"":2363.1028431032178},""LTC/USDT"":{""qty"":-148.0385233488206,""avg_cost"":55.45638501425117}}"
2026-04-28,2026-04-28T21:00:00,daily,"{""BTC/USDT"":-0.06789155064523451,""ETH/USDT"":-0.05042610903676085,""LTC/USDT"":-0.08203133471866364,""BNB/USDT"":-0.08507120960260439}","[{""ticker"":""BNB/USDT"",""qty_delta"":0.07132445375644636,""price"":624.18,""cost_usd"":0.022259648772849343,""notes"":""target_w=-0.0851""},{""ticker"":""BTC/USDT"",""qty_delta"":-0.00017262461974010268,""price"":76389.27,""cost_usd"":0.0065933343429870174,""notes"":""target_w=-0.0679""},{""ticker"":""ETH/USDT"",""qty_delta"":0.025782147551904888,""price"":2303.41,""cost_usd"":0.02969342824626662,""notes"":""target_w=-0.0504""},{""ticker"":""LTC/USDT"",""qty_delta"":-0.3745036301406799,""price"":55.5,""cost_usd"":0.010392475736403867,""notes"":""target_w=-0.0820""}]",100411.84,-18.54,411.84,129071.43,"{""BNB/USDT"":{""qty"":-13.6854154899707,""avg_cost"":635.1848492998452},""BTC/USDT"":{""qty"":-0.0892418565043316,""avg_cost"":78056.64431228745},""ETH/USDT"":{""qty"":-2.1982113133375374,""avg_cost"":2363.1028431032178},""LTC/USDT"":{""qty"":-148.41302697896128,""avg_cost"":55.4564950717766}}"
2026-04-29,2026-04-29T21:00:00,daily,"{""BTC/USDT"":-0.06837840103448431,""ETH/USDT"":-0.051576514678140756,""LTC/USDT"":-0.08274169062102646,""BNB/USDT"":-0.08581012624097964}","[{""ticker"":""BNB/USDT"",""qty_delta"":-0.4279828595107915,""price"":613.4,""cost_usd"":0.13126234301195977,""notes"":""target_w=-0.0858""},{""ticker"":""BTC/USDT"",""qty_delta"":-0.0020189860819393723,""price"":75591.21,""cost_usd"":0.07630880045347815,""notes"":""target_w=-0.0684""},{""ticker"":""ETH/USDT"",""qty_delta"":-0.12902417126745158,""price"":2235.88,""cost_usd"":0.14424128202673484,""notes"":""target_w=-0.0516""},{""ticker"":""LTC/USDT"",""qty_delta"":-3.998733596179136,""price"":54.77,""cost_usd"":0.10950531953136565,""notes"":""target_w=-0.0827""}]",100886.92,475.07,886.92,129993.6,"{""BNB/USDT"":{""qty"":-14.113398349481491,""avg_cost"":634.5242329219548},""BTC/USDT"":{""qty"":-0.09126084258627097,""avg_cost"":78002.10090219633},""ETH/USDT"":{""qty"":-2.327235484604989,""avg_cost"":2356.0494864462453},""LTC/USDT"":{""qty"":-152.41176057514042,""avg_cost"":55.438483922920604}}"
2026-04-30,2026-04-30T21:00:00,daily,"{""BTC/USDT"":-0.06849199343347295,""ETH/USDT"":-0.051512561579063545,""LTC/USDT"":-0.08265586842049218,""BNB/USDT"":-0.08556065013635693}","[{""ticker"":""BNB/USDT"",""qty_delta"":0.18473207305507522,""price"":618.06,""cost_usd"":0.057087752536209894,""notes"":""target_w=-0.0856""},{""ticker"":""BTC/USDT"",""qty_delta"":0.0010536917851406286,""price"":76395.0,""cost_usd"":0.040248391962909164,""notes"":""target_w=-0.0685""},{""ticker"":""ETH/USDT"",""qty_delta"":0.03506969444051844,""price"":2261.17,""cost_usd"":0.03964927048903354,""notes"":""target_w=-0.0515""},{""ticker"":""LTC/USDT"",""qty_delta"":1.887152372788023,""price"":55.25,""cost_usd"":0.05213258429826914,""notes"":""target_w=-0.0827""}]",100615.59,-271.33,615.59,129615.18,"{""BNB/USDT"":{""qty"":-13.928666276426416,""avg_cost"":634.5242329219548},""BTC/USDT"":{""qty"":-0.09020715080113034,""avg_cost"":78002.10090219633},""ETH/USDT"":{""qty"":-2.2921657901644705,""avg_cost"":2356.0494864462453},""LTC/USDT"":{""qty"":-150.5246082023524,""avg_cost"":55.438483922920604}}"
2026-05-01,2026-05-01T21:00:00,daily,"{""BTC/USDT"":-0.13785221282242416,""ETH/USDT"":-0.1032492287416035}","[{""ticker"":""BTC/USDT"",""qty_delta"":-0.11592860716673659,""price"":78415.38,""cost_usd"":4.545292891925186,""notes"":""target_w=-0.1379""},{""ticker"":""ETH/USDT"",""qty_delta"":-2.9596745352727094,""price"":2305.24,""cost_usd"":3.41138006284603,""notes"":""target_w=-0.1032""}]",117249.6,16634.01,17249.6,145520.57,"{""BNB/USDT"":{""qty"":-13.928666276426416,""avg_cost"":634.5242329219548},""BTC/USDT"":{""qty"":-0.20613575796786693,""avg_cost"":78234.52477009689},""ETH/USDT"":{""qty"":-5.25184032543718,""avg_cost"":2327.4158011346644},""LTC/USDT"":{""qty"":-150.5246082023524,""avg_cost"":55.438483922920604}}"
2026-05-02,2026-05-02T21:00:00,daily,"{""BTC/USDT"":-0.07058954497243035,""ETH/USDT"":-0.05239404259978962,""LTC/USDT"":-0.08485190202971048,""BNB/USDT"":-0.0878556441912154}","[{""ticker"":""BNB/USDT"",""qty_delta"":-0.31523814036107467,""price"":618.5,""cost_usd"":0.09748739490666235,""notes"":""target_w=-0.0879""},{""ticker"":""BTC/USDT"",""qty_delta"":0.11590732362109846,""price"":78450.56,""cost_usd"":4.546497223088201,""notes"":""target_w=-0.0706""},{""ticker"":""ETH/USDT"",""qty_delta"":2.977517573993455,""price"":2310.09,""cost_usd"":3.439166786253271,""notes"":""target_w=-0.0524""},{""ticker"":""LTC/USDT"",""qty_delta"":-3.311048756842041,""price"":55.31,""cost_usd"":0.09156705337046665,""notes"":""target_w=-0.0849""}]",100268.31,-16981.29,268.31,129919.17,"{""BNB/USDT"":{""qty"":-14.24390441678749,""avg_cost"":634.1695935450522},""BTC/USDT"":{""qty"":-0.09022843434676847,""avg_cost"":78234.52477009689},""ETH/USDT"":{""qty"":-2.2743227514437248,""avg_cost"":2327.4158011346644},""LTC/USDT"":{""qty"":-153.83565695919444,""avg_cost"":55.435718526772085}}"
2026-05-03,2026-05-03T21:00:00,daily,"{""BTC/USDT"":-0.09425060346443971,""LTC/USDT"":-0.1131505202131828,""BNB/USDT"":-0.11719413338356388}","[{""ticker"":""BNB/USDT"",""qty_delta"":-5.71289151450641,""price"":619.31,""cost_usd"":1.769025421924482,""notes"":""target_w=-0.1172""},{""ticker"":""BTC/USDT"",""qty_delta"":-0.03594914875910535,""price"":78776.19,""cost_usd"":1.4159684864927735,""notes"":""target_w=-0.0943""},{""ticker"":""LTC/USDT"",""qty_delta"":-61.406021763116684,""price"":55.44,""cost_usd"":1.7021749232735945,""notes"":""target_w=-0.1132""}]",105456.39,5188.09,5456.39,139688.62,"{""BNB/USDT"":{""qty"":-19.9567959312939,""avg_cost"":629.9158422833365},""BTC/USDT"":{""qty"":-0.12617758310587382,""avg_cost"":78388.85015379904},""ETH/USDT"":{""qty"":-2.2743227514437248,""avg_cost"":2327.4158011346644},""LTC/USDT"":{""qty"":-215.24167872231112,""avg_cost"":55.43693998276412}}"
2026-05-04,2026-05-04T21:00:00,daily,"{""BTC/USDT"":-0.07569138569158491,""ETH/USDT"":-0.05534272154846778,""LTC/USDT"":-0.08781011699391149,""BNB/USDT"":-0.09168176698679556}","[{""ticker"":""BNB/USDT"",""qty_delta"":5.306998185935356,""price"":625.06,""cost_usd"":1.6585961430503766,""notes"":""target_w=-0.0917""},{""ticker"":""BTC/USDT"",""qty_delta"":0.031655047443742826,""price"":79980.01,""cost_usd"":1.2658855055505127,""notes"":""target_w=-0.0757""},{""ticker"":""ETH/USDT"",""qty_delta"":-0.07247369766871792,""price"":2355.35,""cost_usd"":0.08535046190200737,""notes"":""target_w=-0.0553""},{""ticker"":""LTC/USDT"",""qty_delta"":56.44556331664694,""price"":55.23,""cost_usd"":1.5587442309892052,""notes"":""target_w=-0.0878""}]",99873.55,-5582.84,-126.45,130888.3,"{""BNB/USDT"":{""qty"":-14.649797745358544,""avg_cost"":629.9158422833365},""BTC/USDT"":{""qty"":-0.094522535662131,""avg_cost"":78388.85015379904},""ETH/USDT"":{""qty"":-2.3467964491124427,""avg_cost"":2328.2784642275583},""LTC/USDT"":{""qty"":-158.79611540566418,""avg_cost"":55.43693998276412}}"
2026-05-05,2026-05-05T21:00:00,daily,"{""BTC/USDT"":-0.07641050151592708,""ETH/USDT"":-0.05575220241384459,""LTC/USDT"":-0.08897119399283371,""BNB/USDT"":-0.09201931501959634}","[{""ticker"":""BNB/USDT"",""qty_delta"":0.16985990327616207,""price"":631.93,""cost_usd"":0.05366978433865255,""notes"":""target_w=-0.0920""},{""ticker"":""BTC/USDT"",""qty_delta"":0.0014714117184715797,""price"":81656.0,""cost_usd"":0.06007479764175765,""notes"":""target_w=-0.0764""},{""ticker"":""ETH/USDT"",""qty_delta"":0.010163393950860744,""price"":2372.62,""cost_usd"":0.012056935877845608,""notes"":""target_w=-0.0558""},{""ticker"":""LTC/USDT"",""qty_delta"":1.0356827207957622,""price"":56.08,""cost_usd"":0.02904054349111317,""notes"":""target_w=-0.0890""}]",99438.83,-434.72,-561.17,130578.47,"{""BNB/USDT"":{""qty"":-14.479937842082382,""avg_cost"":629.9158422833365},""BTC/USDT"":{""qty"":-0.09305112394365941,""avg_cost"":78388.85015379904},""ETH/USDT"":{""qty"":-2.336633055161582,""avg_cost"":2328.2784642275583},""LTC/USDT"":{""qty"":-157.76043268486842,""avg_cost"":55.43693998276412}}"
2026-05-06,2026-05-06T21:00:00,daily,"{""BTC/USDT"":-0.07903707102888816,""ETH/USDT"":-0.057183194117588244,""LTC/USDT"":-0.08971478016800696,""BNB/USDT"":-0.09432783047141798}","[{""ticker"":""BNB/USDT"",""qty_delta"":0.10384539882841537,""price"":650.3,""cost_usd"":0.033765331429059256,""notes"":""target_w=-0.0943""},{""ticker"":""BTC/USDT"",""qty_delta"":-0.0030897386375386554,""price"":81477.48,""cost_usd"":0.12587205902264154,""notes"":""target_w=-0.0790""},{""ticker"":""ETH/USDT"",""qty_delta"":-0.07623425217362412,""price"":2348.82,""cost_usd"":0.0895302680952259,""notes"":""target_w=-0.0572""},{""ticker"":""LTC/USDT"",""qty_delta"":1.6034893331509465,""price"":56.94,""cost_usd"":0.04565134131480745,""notes"":""target_w=-0.0897""}]",99109.09,-329.74,-890.91,130850.14,"{""BNB/USDT"":{""qty"":-14.376092443253967,""avg_cost"":629.9158422833365},""BTC/USDT"":{""qty"":-0.09614086258119807,""avg_cost"":78488.11137027504},""ETH/USDT"":{""qty"":-2.412867307335206,""avg_cost"":2328.9274715780034},""LTC/USDT"":{""qty"":-156.15694335171747,""avg_cost"":55.43693998276412}}"
2026-05-07,2026-05-07T21:00:00,daily,"{""BTC/USDT"":-0.07943682133579977,""ETH/USDT"":-0.057187018733847295,""LTC/USDT"":-0.08969747651081753,""BNB/USDT"":-0.09268947544559353}","[{""ticker"":""BNB/USDT"",""qty_delta"":0.04164896501522364,""price"":643.63,""cost_usd"":0.013403261676374194,""notes"":""target_w=-0.0927""},{""ticker"":""BTC/USDT"",""qty_delta"":-0.002501093464667592,""price"":80158.0,""cost_usd"":0.10024132497041242,""notes"":""target_w=-0.0794""},{""ticker"":""ETH/USDT"",""qty_delta"":-0.06779526855844997,""price"":2294.65,""cost_usd"":0.07778320649882361,""notes"":""target_w=-0.0572""},{""ticker"":""LTC/USDT"",""qty_delta"":-1.97734265527302,""price"":56.46,""cost_usd"":0.05582038315835736,""notes"":""target_w=-0.0897""}]",99537.24,428.16,-462.76,131290.78,"{""BNB/USDT"":{""qty"":-14.334443478238743,""avg_cost"":629.9158422833365},""BTC/USDT"":{""qty"":-0.09864195604586566,""avg_cost"":78530.45184795764},""ETH/USDT"":{""qty"":-2.480662575893656,""avg_cost"":2327.9906854089704},""LTC/USDT"":{""qty"":-158.1342860069905,""avg_cost"":55.4497325292894}}"
2026-05-08,2026-05-08T21:00:00,daily,"{""BTC/USDT"":-0.07955016806111609,""ETH/USDT"":-0.05691258430285004,""LTC/USDT"":-0.09055568272468478,""BNB/USDT"":-0.09241570551731315}","[{""ticker"":""BNB/USDT"",""qty_delta"":0.197339517538353,""price"":647.91,""cost_usd"":0.06392912340413714,""notes"":""target_w=-0.0924""},{""ticker"":""BTC/USDT"",""qty_delta"":0.000300145167327584,""price"":80173.76,""cost_usd"":0.01203188330524078,""notes"":""target_w=-0.0796""},{""ticker"":""ETH/USDT"",""qty_delta"":0.04590003357454675,""price"":2316.76,""cost_usd"":0.053169680892083473,""notes"":""target_w=-0.0569""},{""ticker"":""LTC/USDT"",""qty_delta"":4.449026976143358,""price"":58.4,""cost_usd"":0.12991158770338607,""notes"":""target_w=-0.0906""}]",99112.45,-424.79,-887.55,130772.43,"{""BNB/USDT"":{""qty"":-14.13710396070039,""avg_cost"":629.9158422833365},""BTC/USDT"":{""qty"":-0.09834181087853808,""avg_cost"":78530.45184795764},""ETH/USDT"":{""qty"":-2.4347625423191093,""avg_cost"":2327.9906854089704},""LTC/USDT"":{""qty"":-153.68525903084713,""avg_cost"":55.4497325292894}}"
2026-05-09,2026-05-09T21:00:00,daily,"{""BTC/USDT"":-0.08163853220285405,""ETH/USDT"":-0.05732816152781573,""LTC/USDT"":-0.08907343323236934,""BNB/USDT"":-0.09515516081311293}","[{""ticker"":""BNB/USDT"",""qty_delta"":-0.3307588296571229,""price"":651.07,""cost_usd"":0.1076735756124315,""notes"":""target_w=-0.0952""},{""ticker"":""BTC/USDT"",""qty_delta"":-0.0015062528092533306,""price"":80938.52,""cost_usd"":0.060956936563403445,""notes"":""target_w=-0.0816""},{""ticker"":""ETH/USDT"",""qty_delta"":0.002063610901871016,""price"":2332.81,""cost_usd"":0.002407006073996862,""notes"":""target_w=-0.0573""},{""ticker"":""LTC/USDT"",""qty_delta"":2.050700515275139,""price"":58.15,""cost_usd"":0.05962411748162467,""notes"":""target_w=-0.0891""}]",98991.68,-120.77,-1008.32,130985.4,"{""BNB/USDT"":{""qty"":-14.467862790357513,""avg_cost"":630.3994606691432},""BTC/USDT"":{""qty"":-0.09984806368779141,""avg_cost"":78566.77863572819},""ETH/USDT"":{""qty"":-2.4326989314172383,""avg_cost"":2327.9906854089704},""LTC/USDT"":{""qty"":-151.634558515572,""avg_cost"":55.4497325292894}}"
2026-05-10,2026-05-10T21:00:00,daily,"{""BTC/USDT"":-0.0823307553298171,""ETH/USDT"":-0.05754440251363322,""LTC/USDT"":-0.08895796666495305,""BNB/USDT"":-0.09552462651516135}","[{""ticker"":""BNB/USDT"",""qty_delta"":0.25487007849807064,""price"":661.74,""cost_usd"":0.08432886287265663,""notes"":""target_w=-0.0955""},{""ticker"":""BTC/USDT"",""qty_delta"":0.00032366942406540644,""price"":81449.82,""cost_usd"":0.013181408164815512,""notes"":""target_w=-0.0823""},{""ticker"":""ETH/USDT"",""qty_delta"":0.03881678092118657,""price"":2366.78,""cost_usd"":0.04593539037432298,""notes"":""target_w=-0.0575""},{""ticker"":""LTC/USDT"",""qty_delta"":5.069032547317846,""price"":59.76,""cost_usd"":0.15146269251385724,""notes"":""target_w=-0.0890""}]",98459.19,-532.49,-1540.81,130395.29,"{""BNB/USDT"":{""qty"":-14.212992711859442,""avg_cost"":630.3994606691432},""BTC/USDT"":{""qty"":-0.099524394263726,""avg_cost"":78566.77863572819},""ETH/USDT"":{""qty"":-2.3938821504960517,""avg_cost"":2327.9906854089704},""LTC/USDT"":{""qty"":-146.56552596825415,""avg_cost"":55.4497325292894}}"
2026-05-11,2026-05-11T21:00:00,daily,"{""BTC/USDT"":-0.08183019815030998,""ETH/USDT"":-0.057381636137340465,""LTC/USDT"":-0.08581579925352256,""BNB/USDT"":-0.09485003240706001}","[{""ticker"":""BNB/USDT"",""qty_delta"":0.12439801293825425,""price"":663.49,""cost_usd"":0.04126841880220116,""notes"":""target_w=-0.0949""},{""ticker"":""BTC/USDT"",""qty_delta"":0.001139701702935897,""price"":81969.19,""cost_usd"":0.04671021271563804,""notes"":""target_w=-0.0818""},{""ticker"":""ETH/USDT"",""qty_delta"":-0.02071701921796043,""price"":2342.03,""cost_usd"":0.024259940259519937,""notes"":""target_w=-0.0574""},{""ticker"":""LTC/USDT"",""qty_delta"":3.245720310186101,""price"":59.01,""cost_usd"":0.0957649777520409,""notes"":""target_w=-0.0858""}]",98551.59,92.4,-1448.41,130076.12,"{""BNB/USDT"":{""qty"":-14.088594698921188,""avg_cost"":630.3994606691432},""BTC/USDT"":{""qty"":-0.0983846925607901,""avg_cost"":78566.77863572819},""ETH/USDT"":{""qty"":-2.414599169714012,""avg_cost"":2328.1111413230774},""LTC/USDT"":{""qty"":-143.31980565806805,""avg_cost"":55.4497325292894}}"
2026-05-12,2026-05-12T21:00:00,daily,"{""BTC/USDT"":-0.08170846927507569,""ETH/USDT"":-0.05726087847190386,""LTC/USDT"":-0.08360396319765816,""BNB/USDT"":-0.09455420770645005}","[{""ticker"":""BNB/USDT"",""qty_delta"":-0.019195875354803604,""price"":663.37,""cost_usd"":0.006366983917058033,""notes"":""target_w=-0.0946""},{""ticker"":""BTC/USDT"",""qty_delta"":-0.0016706510466347746,""price"":80827.8,""cost_usd"":0.06751752433359312,""notes"":""target_w=-0.0817""},{""ticker"":""ETH/USDT"",""qty_delta"":-0.06516712250630619,""price"":2285.5,""cost_usd"":0.07446972924408139,""notes"":""target_w=-0.0573""},{""ticker"":""LTC/USDT"",""qty_delta"":0.13130474037902218,""price"":57.79,""cost_usd"":0.003794050473251846,""notes"":""target_w=-0.0836""}]",98976.78,425.18,-1023.22,130365.08,"{""BNB/USDT"":{""qty"":-14.107790574275992,""avg_cost"":630.4443222908154},""BTC/USDT"":{""qty"":-0.10005534360742488,""avg_cost"":78604.5315190075},""ETH/USDT"":{""qty"":-2.4797662922203183,""avg_cost"":2326.99134004364},""LTC/USDT"":{""qty"":-143.18850091768903,""avg_cost"":55.4497325292894}}"
2026-05-13,2026-05-13T21:00:00,daily,"{""BTC/USDT"":-0.08115061250429954,""ETH/USDT"":-0.05672890064489007,""LTC/USDT"":-0.08378304542649245,""BNB/USDT"":-0.09441743537370212}","[{""ticker"":""BNB/USDT"",""qty_delta"":0.1654543803171311,""price"":671.68,""cost_usd"":0.05556619908570531,""notes"":""target_w=-0.0944""},{""ticker"":""BTC/USDT"",""qty_delta"":-0.0009909998866023534,""price"":79655.72,""cost_usd"":0.039469404743614406,""notes"":""target_w=-0.0812""},{""ticker"":""ETH/USDT"",""qty_delta"":-0.013212455976124193,""price"":2257.0,""cost_usd"":0.014910256569056153,""notes"":""target_w=-0.0567""},{""ticker"":""LTC/USDT"",""qty_delta"":-3.0373826945626092,""price"":56.83,""cost_usd"":0.08630722926599654,""notes"":""target_w=-0.0838""}]",99184.75,207.98,-815.25,130535.13,"{""BNB/USDT"":{""qty"":-13.94233619395886,""avg_cost"":630.4443222908154},""BTC/USDT"":{""qty"":-0.10104634349402723,""avg_cost"":78614.84092387502},""ETH/USDT"":{""qty"":-2.4929787481964425,""avg_cost"":2326.6203952452915},""LTC/USDT"":{""qty"":-146.22588361225164,""avg_cost"":55.47840324356952}}"
2026-05-14,2026-05-14T21:00:00,daily,"{""BTC/USDT"":-0.08063807858317285,""ETH/USDT"":-0.05667996320435685,""LTC/USDT"":-0.08307862175081207,""BNB/USDT"":-0.09416734949056471}","[{""ticker"":""BNB/USDT"",""qty_delta"":0.3042197396334725,""price"":679.96,""cost_usd"":0.10342862708058799,""notes"":""target_w=-0.0942""},{""ticker"":""BTC/USDT"",""qty_delta"":0.00354259437098918,""price"":81443.47,""cost_usd"":0.14426058918791307,""notes"":""target_w=-0.0806""},{""ticker"":""ETH/USDT"",""qty_delta"":0.06417524466564828,""price"":2298.13,""cost_usd"":0.07374152751173314,""notes"":""target_w=-0.0567""},{""ticker"":""LTC/USDT"",""qty_delta"":7.417222655326583,""price"":58.94,""cost_usd"":0.2185855516524744,""notes"":""target_w=-0.0831""}]",98477.05,-707.7,-1522.95,129454.56,"{""BNB/USDT"":{""qty"":-13.638116454325388,""avg_cost"":630.4443222908154},""BTC/USDT"":{""qty"":-0.09750374912303805,""avg_cost"":78614.84092387502},""ETH/USDT"":{""qty"":-2.428803503530794,""avg_cost"":2326.6203952452915},""LTC/USDT"":{""qty"":-138.80866095692505,""avg_cost"":55.47840324356952}}"
2026-05-15,2026-05-15T21:00:00,daily,"{""BTC/USDT"":-0.0806466943863543,""ETH/USDT"":-0.05753163924622221,""LTC/USDT"":-0.08328272189081751,""BNB/USDT"":-0.09559742974512705}","[{""ticker"":""BNB/USDT"",""qty_delta"":-0.43058968628479555,""price"":673.99,""cost_usd"":0.14510657132954466,""notes"":""target_w=-0.0956""},{""ticker"":""BTC/USDT"",""qty_delta"":-0.0035268754479341607,""price"":79176.25,""cost_usd"":0.13962238609224856,""notes"":""target_w=-0.0806""},{""ticker"":""ETH/USDT"",""qty_delta"":-0.1370127394855638,""price"":2224.04,""cost_usd"":0.15236090656273665,""notes"":""target_w=-0.0575""},{""ticker"":""LTC/USDT"",""qty_delta"":-5.382116608034352,""price"":57.29,""cost_usd"":0.154170730237144,""notes"":""target_w=-0.0833""}]",99187.93,710.88,-812.07,130636.49,"{""BNB/USDT"":{""qty"":-14.068706140610184,""avg_cost"":631.7770901741201},""BTC/USDT"":{""qty"":-0.10103062457097221,""avg_cost"":78634.43913872563},""ETH/USDT"":{""qty"":-2.565816243016358,""avg_cost"":2321.14267601722},""LTC/USDT"":{""qty"":-144.1907775649594,""avg_cost"":55.546023552957564}}"
2026-05-16,2026-05-16T21:00:00,daily,"{""BTC/USDT"":-0.08073753374828749,""ETH/USDT"":-0.061654513351569545,""LTC/USDT"":-0.0868226112188971,""BNB/USDT"":-0.09559399985723098}","[{""ticker"":""BNB/USDT"",""qty_delta"":-0.4673560068438025,""price"":656.31,""cost_usd"":0.15336521042582799,""notes"":""target_w=-0.0956""},{""ticker"":""BTC/USDT"",""qty_delta"":-0.0019067452997863776,""price"":78275.81,""cost_usd"":0.07462601640223576,""notes"":""target_w=-0.0807""},{""ticker"":""ETH/USDT"",""qty_delta"":-0.25498601507954044,""price"":2181.31,""cost_usd"":0.2781017722765762,""notes"":""target_w=-0.0617""},{""ticker"":""LTC/USDT"",""qty_delta"":-10.069311646265078,""price"":56.17,""cost_usd"":0.28279661758535474,""notes"":""target_w=-0.0868""}]",99797.97,610.05,-202.03,132213.48,"{""BNB/USDT"":{""qty"":-14.536062147453986,""avg_cost"":632.5658596947906},""BTC/USDT"":{""qty"":-0.10293736987075859,""avg_cost"":78627.79612438119},""ETH/USDT"":{""qty"":-2.8208022580958985,""avg_cost"":2308.5025213473186},""LTC/USDT"":{""qty"":-154.26008921122448,""avg_cost"":55.58675355212537}}"
2026-05-17,2026-05-17T21:00:00,daily,"{""BTC/USDT"":-0.08077824946084212,""ETH/USDT"":-0.06153112093266355,""LTC/USDT"":-0.08584712326862531,""BNB/USDT"":-0.09467999310525378}","[{""ticker"":""BNB/USDT"",""qty_delta"":0.13689185085076794,""price"":656.0,""cost_usd"":0.044900527079051886,""notes"":""target_w=-0.0947""},{""ticker"":""BTC/USDT"",""qty_delta"":0.0001772753658864784,""price"":78424.73,""cost_usd"":0.006951386352649139,""notes"":""target_w=-0.0808""},{""ticker"":""ETH/USDT"",""qty_delta"":0.02174642981949315,""price"":2193.14,""cost_usd"":0.023846482547161603,""notes"":""target_w=-0.0615""},{""ticker"":""LTC/USDT"",""qty_delta"":1.565588453481979,""price"":56.09,""cost_usd"":0.0439069281779021,""notes"":""target_w=-0.0858""}]",99766.0,-31.97,-234.0,131974.15,"{""BNB/USDT"":{""qty"":-14.399170296603218,""avg_cost"":632.5658596947906},""BTC/USDT"":{""qty"":-0.10276009450487211,""avg_cost"":78627.79612438119},""ETH/USDT"":{""qty"":-2.7990558282764053,""avg_cost"":2308.5025213473186},""LTC/USDT"":{""qty"":-152.6945007577425,""avg_cost"":55.58675355212537}}"
2026-05-18,2026-05-18T21:00:00,daily,"{""BTC/USDT"":-0.0832127909000686,""ETH/USDT"":-0.06307956486700698,""LTC/USDT"":-0.08674866480989166,""BNB/USDT"":-0.09613612672667995}","[{""ticker"":""BNB/USDT"",""qty_delta"":-0.5779532203806657,""price"":645.27,""cost_usd"":0.18646793725751606,""notes"":""target_w=-0.0961""},{""ticker"":""BTC/USDT"",""qty_delta"":-0.0058630419354251395,""price"":77010.69,""cost_usd"":0.22575845247301274,""notes"":""target_w=-0.0832""},{""ticker"":""ETH/USDT"",""qty_delta"":-0.18061080575892907,""price"":2128.16,""cost_usd"":0.19218434619196123,""notes"":""target_w=-0.0631""},{""ticker"":""LTC/USDT"",""qty_delta"":-8.024148856668177,""price"":54.26,""cost_usd"":0.2176951584814076,""notes"":""target_w=-0.0867""}]",100526.3,760.3,526.3,133617.54,"{""BNB/USDT"":{""qty"":-14.977123516983884,""avg_cost"":633.0561006140991},""BTC/USDT"":{""qty"":-0.10862313644029725,""avg_cost"":78540.51121131396},""ETH/USDT"":{""qty"":-2.9796666340353344,""avg_cost"":2297.571161536431},""LTC/USDT"":{""qty"":-160.71864961441068,""avg_cost"":55.52051314988264}}"
2026-05-19,2026-05-19T21:00:00,daily,"{""BTC/USDT"":-0.11187806013079728,""ETH/USDT"":-0.08513693971147226,""BNB/USDT"":-0.12951349450675181}","[{""ticker"":""BNB/USDT"",""qty_delta"":-7.15355188364623,""price"":640.16,""cost_usd"":2.2897088869174853,""notes"":""target_w=-0.1295""},{""ticker"":""BTC/USDT"",""qty_delta"":-0.05063364901014428,""price"":76844.92,""cost_usd"":1.9454693537463081,""notes"":""target_w=-0.1119""},{""ticker"":""ETH/USDT"",""qty_delta"":-1.4284858223585202,""price"":2112.66,""cost_usd"":1.5089524287319755,""notes"":""target_w=-0.0851""}]",109381.88,8855.57,9381.88,145100.05,"{""BNB/USDT"":{""qty"":-22.130675400630114,""avg_cost"":635.3523754413824},""BTC/USDT"":{""qty"":-0.15925678545044153,""avg_cost"":78001.41976842488},""ETH/USDT"":{""qty"":-4.408152456393855,""avg_cost"":2237.649692108234},""LTC/USDT"":{""qty"":-160.71864961441068,""avg_cost"":55.52051314988264}}"
2026-05-20,2026-05-20T21:00:00,daily,"{""BTC/USDT"":-0.08396668852158005,""ETH/USDT"":-0.06379902413361845,""LTC/USDT"":-0.08720763689054829,""BNB/USDT"":-0.09709907726925375}","[{""ticker"":""BNB/USDT"",""qty_delta"":7.1722346656049485,""price"":650.4,""cost_usd"":2.3324107132547294,""notes"":""target_w=-0.0971""},{""ticker"":""BTC/USDT"",""qty_delta"":0.05094895635246262,""price"":77678.16,""cost_usd"":1.978810591689804,""notes"":""target_w=-0.0840""},{""ticker"":""ETH/USDT"",""qty_delta"":1.418871809756871,""price"":2138.45,""cost_usd"":1.5170932107872905,""notes"":""target_w=-0.0638""},{""ticker"":""LTC/USDT"",""qty_delta"":-0.4671826244033923,""price"":54.21,""cost_usd"":0.012662985034453948,""notes"":""target_w=-0.0872""}]",100190.48,-9191.4,190.48,133462.91,"{""BNB/USDT"":{""qty"":-14.958440735025166,""avg_cost"":635.3523754413824},""BTC/USDT"":{""qty"":-0.10830782909797891,""avg_cost"":78001.41976842488},""ETH/USDT"":{""qty"":-2.9892806466369835,""avg_cost"":2237.649692108234},""LTC/USDT"":{""qty"":-161.18583223881407,""avg_cost"":55.51671474549329}}"
2026-05-21,2026-05-21T21:00:00,daily,"{""BTC/USDT"":-0.08508568190079348,""ETH/USDT"":-0.06449630408100798,""LTC/USDT"":-0.08832011713720406,""BNB/USDT"":-0.09747335199475302}","[{""ticker"":""BNB/USDT"",""qty_delta"":0.13857998351288714,""price"":658.1,""cost_usd"":0.045599743574915516,""notes"":""target_w=-0.0975""},{""ticker"":""BTC/USDT"",""qty_delta"":-0.0012424762429277397,""price"":77712.88,""cost_usd"":0.048278203584747145,""notes"":""target_w=-0.0851""},{""ticker"":""ETH/USDT"",""qty_delta"":-0.022684356027747654,""price"":2142.57,""cost_usd"":0.024301410347185647,""notes"":""target_w=-0.0645""},{""ticker"":""LTC/USDT"",""qty_delta"":-1.8001431047451604,""price"":54.22,""cost_usd"":0.04880187956964129,""notes"":""target_w=-0.0883""}]",100057.44,-133.04,57.44,133614.31,"{""BNB/USDT"":{""qty"":-14.819860751512278,""avg_cost"":635.3523754413824},""BTC/USDT"":{""qty"":-0.10955030534090665,""avg_cost"":77998.14726447072},""ETH/USDT"":{""qty"":-3.011965002664731,""avg_cost"":2236.9336075637975},""LTC/USDT"":{""qty"":-162.98597534355923,""avg_cost"":55.50239282544465}}"
2026-05-22,2026-05-22T21:00:00,daily,"{""BTC/USDT"":-0.08574366628248402,""ETH/USDT"":-0.06472037851890723,""LTC/USDT"":-0.08965143764009474,""BNB/USDT"":-0.09710747860690125}","[{""ticker"":""BNB/USDT"",""qty_delta"":-0.1583932149997267,""price"":652.99,""cost_usd"":0.05171459273133577,""notes"":""target_w=-0.0971""},{""ticker"":""BTC/USDT"",""qty_delta"":-0.004312893274864643,""price"":75846.18,""cost_usd"":0.1635582398230866,""notes"":""target_w=-0.0857""},{""ticker"":""ETH/USDT"",""qty_delta"":-0.14238713113345547,""price"":2066.55,""cost_usd"":0.1471250629219212,""notes"":""target_w=-0.0647""},{""ticker"":""LTC/USDT"",""qty_delta"":-6.489977688483549,""price"":53.28,""cost_usd"":0.17289300562120175,""notes"":""target_w=-0.0897""}]",100719.31,661.87,719.31,134684.35,"{""BNB/USDT"":{""qty"":-14.978253966512005,""avg_cost"":635.5388911771313},""BTC/USDT"":{""qty"":-0.1138631986157713,""avg_cost"":77916.63536900759},""ETH/USDT"":{""qty"":-3.1543521337981866,""avg_cost"":2229.2425090294164},""LTC/USDT"":{""qty"":-169.47595303204278,""avg_cost"":55.4172876550996}}"
2026-05-23,2026-05-23T21:00:00,daily,"{""BTC/USDT"":-0.08808046710909323,""ETH/USDT"":-0.06588945979269309,""LTC/USDT"":-0.09205678345137268,""BNB/USDT"":-0.09778108461715038}","[{""ticker"":""BNB/USDT"",""qty_delta"":-0.10769207340367082,""price"":652.47,""cost_usd"":0.03513292356684655,""notes"":""target_w=-0.0978""},{""ticker"":""BTC/USDT"",""qty_delta"":-0.002802973932838987,""price"":75999.88,""cost_usd"":0.10651284126944553,""notes"":""target_w=-0.0881""},{""ticker"":""ETH/USDT"",""qty_delta"":-0.03751254945991045,""price"":2078.02,""cost_usd"":0.038975914014341556,""notes"":""target_w=-0.0659""},{""ticker"":""LTC/USDT"",""qty_delta"":-4.289109179897821,""price"":53.33,""cost_usd"":0.11436909628197539,""notes"":""target_w=-0.0921""}]",100664.65,-54.66,664.65,135274.04,"{""BNB/USDT"":{""qty"":-15.085946039915676,""avg_cost"":635.6597550731929},""BTC/USDT"":{""qty"":-0.11666617254861028,""avg_cost"":77870.58418538178},""ETH/USDT"":{""qty"":-3.191864683258097,""avg_cost"":2227.465258922552},""LTC/USDT"":{""qty"":-173.7650622119406,""avg_cost"":55.365766339314874}}"
2026-05-24,2026-05-24T21:00:00,daily,"{""BTC/USDT"":-0.08767440060633411,""ETH/USDT"":-0.0652770999576498,""LTC/USDT"":-0.09173714780093561,""BNB/USDT"":-0.09756419744173772}","[{""ticker"":""BNB/USDT"",""qty_delta"":0.14167830418146643,""price"":656.28,""cost_usd"":0.046490318734106396,""notes"":""target_w=-0.0976""},{""ticker"":""BTC/USDT"",""qty_delta"":0.0018953141505664711,""price"":76791.74,""cost_usd"":0.07277223573431066,""notes"":""target_w=-0.0877""},{""ticker"":""ETH/USDT"",""qty_delta"":0.06942212714567608,""price"":2101.55,""cost_usd"":0.0729470356514978,""notes"":""target_w=-0.0653""},{""ticker"":""LTC/USDT"",""qty_delta"":-0.759178418485817,""price"":52.84,""cost_usd"":0.020057493816395287,""notes"":""target_w=-0.0917""}]",100524.61,-140.03,524.61,134929.52,"{""BNB/USDT"":{""qty"":-14.94426773573421,""avg_cost"":635.6597550731929},""BTC/USDT"":{""qty"":-0.11477085839804381,""avg_cost"":77870.58418538178},""ETH/USDT"":{""qty"":-3.122442556112421,""avg_cost"":2227.465258922552},""LTC/USDT"":{""qty"":-174.52424063042642,""avg_cost"":55.354779285092384}}"
2026-05-25,2026-05-25T21:00:00,daily,"{""BTC/USDT"":-0.08786974503985821,""ETH/USDT"":-0.06524690426930253,""LTC/USDT"":-0.09139435909269601,""BNB/USDT"":-0.0982096122664115}","[{""ticker"":""BNB/USDT"",""qty_delta"":0.06665239610956952,""price"":662.11,""cost_usd"":0.022065608994053538,""notes"":""target_w=-0.0982""},{""ticker"":""BTC/USDT"",""qty_delta"":0.0009306516349729815,""price"":77420.0,""cost_usd"":0.036025524789804114,""notes"":""target_w=-0.0879""},{""ticker"":""ETH/USDT"",""qty_delta"":0.03654176673009868,""price"":2120.74,""cost_usd"":0.038747793187594734,""notes"":""target_w=-0.0652""},{""ticker"":""LTC/USDT"",""qty_delta"":1.1032313287757916,""price"":52.86,""cost_usd"":0.02915840401954417,""notes"":""target_w=-0.0914""}]",100301.85,-222.77,301.85,134677.4,"{""BNB/USDT"":{""qty"":-14.87761533962464,""avg_cost"":635.6597550731929},""BTC/USDT"":{""qty"":-0.11384020676307083,""avg_cost"":77870.58418538178},""ETH/USDT"":{""qty"":-3.0859007893823223,""avg_cost"":2227.465258922552},""LTC/USDT"":{""qty"":-173.42100930165063,""avg_cost"":55.354779285092384}}"
2026-05-26,2026-05-26T21:00:00,daily,"{""BTC/USDT"":-0.09122764776654954,""ETH/USDT"":-0.06774814074130017,""LTC/USDT"":-0.09489593118917973,""BNB/USDT"":-0.1008894679287462}","[{""ticker"":""BNB/USDT"",""qty_delta"":-0.5965147762715279,""price"":657.36,""cost_usd"":0.19606247666492582,""notes"":""target_w=-0.1009""},{""ticker"":""BTC/USDT"",""qty_delta"":-0.00709002088719235,""price"":76059.82,""cost_usd"":0.2696328562380452,""notes"":""target_w=-0.0912""},{""ticker"":""ETH/USDT"",""qty_delta"":-0.2047503044100747,""price"":2075.77,""cost_usd"":0.21250726969265038,""notes"":""target_w=-0.0677""},{""ticker"":""LTC/USDT"",""qty_delta"":-10.751890678270428,""price"":51.95,""cost_usd"":0.27928036036807435,""notes"":""target_w=-0.0949""}]",100822.99,521.14,822.99,136591.41,"{""BNB/USDT"":{""qty"":-15.474130115896168,""avg_cost"":636.4962813690559},""BTC/USDT"":{""qty"":-0.12093022765026318,""avg_cost"":77764.42085347054},""ETH/USDT"":{""qty"":-3.290651093792397,""avg_cost"":2218.0265036255987},""LTC/USDT"":{""qty"":-184.17289997992106,""avg_cost"":55.156010548427304}}"
2026-05-27,2026-05-27T21:00:00,daily,"{""BTC/USDT"":-0.09388555962621549,""ETH/USDT"":-0.06856705528810207,""LTC/USDT"":-0.09494711598372159,""BNB/USDT"":-0.10265344576182515}","[{""ticker"":""BNB/USDT"",""qty_delta"":-0.38707761632846527,""price"":653.44,""cost_usd"":0.12646599880683618,""notes"":""target_w=-0.1027""},{""ticker"":""BTC/USDT"",""qty_delta"":-0.005318482594818014,""price"":75082.77,""cost_usd"":0.1996632027078621,""notes"":""target_w=-0.0939""},{""ticker"":""ETH/USDT"",""qty_delta"":-0.07226620013099705,""price"":2058.58,""cost_usd"":0.07438287713283395,""notes"":""target_w=-0.0686""},{""ticker"":""LTC/USDT"",""qty_delta"":1.437819606027034,""price"":52.46,""cost_usd"":0.0377140082660891,""notes"":""target_w=-0.0949""}]",100964.0,141.01,964.0,137316.57,"{""BNB/USDT"":{""qty"":-15.861207732224633,""avg_cost"":636.9097766293241},""BTC/USDT"":{""qty"":-0.1262487102450812,""avg_cost"":77651.45088045557},""ETH/USDT"":{""qty"":-3.362917293923394,""avg_cost"":2214.600135405953},""LTC/USDT"":{""qty"":-182.73508037389402,""avg_cost"":55.156010548427304}}"
2026-05-28,2026-05-28T21:00:00,daily,"{""BTC/USDT"":-0.0925991960811057,""ETH/USDT"":-0.06792527143039151,""LTC/USDT"":-0.09496532797819862,""BNB/USDT"":-0.10218351643302766}","[{""ticker"":""BNB/USDT"",""qty_delta"":-0.3742065359728617,""price"":639.84,""cost_usd"":0.11971615498843792,""notes"":""target_w=-0.1022""},{""ticker"":""BTC/USDT"",""qty_delta"":-0.0019269725920535996,""price"":73443.86,""cost_usd"":0.07076215263731085,""notes"":""target_w=-0.0926""},{""ticker"":""ETH/USDT"",""qty_delta"":-0.06395024729507304,""price"":2015.06,""cost_usd"":0.06443179265720494,""notes"":""target_w=-0.0679""},{""ticker"":""LTC/USDT"",""qty_delta"":-3.7846256887370373,""price"":51.76,""cost_usd"":0.09794611282451451,""notes"":""target_w=-0.0950""}]",101660.54,696.54,1660.54,138021.93,"{""BNB/USDT"":{""qty"":-16.235414268197495,""avg_cost"":636.9773147111405},""BTC/USDT"":{""qty"":-0.1281756828371348,""avg_cost"":77588.19463616845},""ETH/USDT"":{""qty"":-3.426867541218467,""avg_cost"":2210.8764312210037},""LTC/USDT"":{""qty"":-186.51970606263106,""avg_cost"":55.0871029298592}}"
2026-05-29,2026-05-29T21:00:00,daily,"{""BTC/USDT"":-0.09228303261592243,""ETH/USDT"":-0.06789201385496023,""LTC/USDT"":-0.09514169969369841,""BNB/USDT"":-0.10140022512893263}","[{""ticker"":""BNB/USDT"",""qty_delta"":0.18346148363899317,""price"":641.66,""cost_usd"":0.05885994779589818,""notes"":""target_w=-0.1014""},{""ticker"":""BTC/USDT"",""qty_delta"":0.0007217335874747655,""price"":73546.58,""cost_usd"":0.02654051851494992,""notes"":""target_w=-0.0923""},{""ticker"":""ETH/USDT"",""qty_delta"":0.009197037651963225,""price"":2017.82,""cost_usd"":0.009278983257442218,""notes"":""target_w=-0.0679""},{""ticker"":""LTC/USDT"",""qty_delta"":0.41964975838888563,""price"":51.93,""cost_usd"":0.010896205976567416,""notes"":""target_w=-0.0951""}]",101576.55,-83.99,1576.55,137810.67,"{""BNB/USDT"":{""qty"":-16.0519527845585,""avg_cost"":636.9773147111405},""BTC/USDT"":{""qty"":-0.12745394924966003,""avg_cost"":77588.19463616845},""ETH/USDT"":{""qty"":-3.417670503566504,""avg_cost"":2210.8764312210037},""LTC/USDT"":{""qty"":-186.10005630424217,""avg_cost"":55.0871029298592}}"
2026-05-30,2026-05-30T21:00:00,daily,"{""BTC/USDT"":-0.09251376279087381,""ETH/USDT"":-0.06835353451519738,""LTC/USDT"":-0.095080669731609,""BNB/USDT"":-0.10130972527222541}","[{""ticker"":""BNB/USDT"",""qty_delta"":1.9852730847302311,""price"":720.89,""cost_usd"":0.7155817570255881,""notes"":""target_w=-0.1013""},{""ticker"":""BTC/USDT"",""qty_delta"":0.0023455575762549585,""price"":74016.64,""cost_usd"":0.0868051453604679,""notes"":""target_w=-0.0925""},{""ticker"":""ETH/USDT"",""qty_delta"":0.04597982512060561,""price"":2029.19,""cost_usd"":0.046650900668240854,""notes"":""target_w=-0.0684""},{""ticker"":""LTC/USDT"",""qty_delta"":4.926715182246568,""price"":52.53,""cost_usd"":0.1294001742617061,""notes"":""target_w=-0.0951""}]",100093.35,-1483.2,93.35,135852.82,"{""BNB/USDT"":{""qty"":-14.06667969982827,""avg_cost"":636.9773147111405},""BTC/USDT"":{""qty"":-0.12510839167340507,""avg_cost"":77588.19463616845},""ETH/USDT"":{""qty"":-3.371690678445898,""avg_cost"":2210.8764312210037},""LTC/USDT"":{""qty"":-181.1733411219956,""avg_cost"":55.0871029298592}}"
2026-05-31,2026-05-31T21:00:00,daily,"{""BTC/USDT"":-0.09364320184029551,""ETH/USDT"":-0.07006541712213468,""LTC/USDT"":-0.09512399187051392,""BNB/USDT"":-0.0729208076250164}","[{""ticker"":""BNB/USDT"",""qty_delta"":3.7187120117301102,""price"":708.71,""cost_usd"":1.3177441949166233,""notes"":""target_w=-0.0729""},{""ticker"":""BTC/USDT"",""qty_delta"":-0.0028692988577670164,""price"":73589.21,""cost_usd"":0.10557471809848856,""notes"":""target_w=-0.0936""},{""ticker"":""ETH/USDT"",""qty_delta"":-0.1498357198727489,""price"":2000.99,""cost_usd"":0.1499098885540859,""notes"":""target_w=-0.0701""},{""ticker"":""LTC/USDT"",""qty_delta"":-4.012517714518367,""price"":51.66,""cost_usd"":0.10364333256600942,""notes"":""target_w=-0.0951""}]",100569.18,475.83,569.18,133933.91,"{""BNB/USDT"":{""qty"":-10.34796768809816,""avg_cost"":636.9773147111405},""BTC/USDT"":{""qty"":-0.12797769053117208,""avg_cost"":77498.53618084578},""ETH/USDT"":{""qty"":-3.521526398318647,""avg_cost"":2201.946075188876},""LTC/USDT"":{""qty"":-185.18585883651397,""avg_cost"":55.01284611942057}}"
2026-06-01,2026-06-01T21:00:00,daily,"{""BTC/USDT"":-0.12484698902809402,""ETH/USDT"":-0.09381037043527404,""LTC/USDT"":-0.1266634988578823}","[{""ticker"":""BTC/USDT"",""qty_delta"":-0.061006045774837536,""price"":71553.23,""cost_usd"":2.182589812358739,""notes"":""target_w=-0.1248""},{""ticker"":""ETH/USDT"",""qty_delta"":-1.5484631510854454,""price"":2004.1,""cost_usd"":1.5516375005451706,""notes"":""target_w=-0.0938""},{""ticker"":""LTC/USDT"",""qty_delta"":-84.87607269134801,""price"":50.8,""cost_usd"":2.1558522463602396,""notes"":""target_w=-0.1267""}]",108305.87,7736.69,8305.87,145708.18,"{""BNB/USDT"":{""qty"":-10.34796768809816,""avg_cost"":636.9773147111405},""BTC/USDT"":{""qty"":-0.18898373630600962,""avg_cost"":75579.32541645067},""ETH/USDT"":{""qty"":-5.0699895494040925,""avg_cost"":2141.5204364313245},""LTC/USDT"":{""qty"":-270.061931527862,""avg_cost"":53.68881710338536}}"
2026-06-02,2026-06-02T21:00:00,daily,{},[],145708.18,37402.31,45708.18,145708.18,"{""BNB/USDT"":{""qty"":-10.34796768809816,""avg_cost"":636.9773147111405},""BTC/USDT"":{""qty"":-0.18898373630600962,""avg_cost"":75579.32541645067},""ETH/USDT"":{""qty"":-5.0699895494040925,""avg_cost"":2141.5204364313245},""LTC/USDT"":{""qty"":-270.061931527862,""avg_cost"":53.68881710338536}}"
2026-06-03,2026-06-03T21:00:00,daily,"{""BTC/USDT"":-0.08215655347428047,""ETH/USDT"":-0.06625659201881919,""LTC/USDT"":-0.08287732740797447,""BNB/USDT"":-0.06978069062177798}","[{""ticker"":""BNB/USDT"",""qty_delta"":-1.4284168990912232,""price"":622.16,""cost_usd"":0.44435192896929765,""notes"":""target_w=-0.0698""},{""ticker"":""BTC/USDT"",""qty_delta"":0.05718321232051132,""price"":65449.13,""cost_usd"":1.8712957484913737,""notes"":""target_w=-0.0822""},{""ticker"":""ETH/USDT"",""qty_delta"":1.2079043751065064,""price"":1801.3,""cost_usd"":1.0878990754396751,""notes"":""target_w=-0.0663""},{""ticker"":""LTC/USDT"",""qty_delta"":86.05032098980172,""price"":47.29,""cost_usd"":2.0346598398038616,""notes"":""target_w=-0.0829""}]",104992.02,-40716.15,4992.02,136603.73,"{""BNB/USDT"":{""qty"":-11.776384587189384,""avg_cost"":635.1800481072992},""BTC/USDT"":{""qty"":-0.1318005239854983,""avg_cost"":75579.32541645067},""ETH/USDT"":{""qty"":-3.862085174297586,""avg_cost"":2141.5204364313245},""LTC/USDT"":{""qty"":-184.01161053806027,""avg_cost"":53.68881710338536}}"
2026-06-04,2026-06-04T21:00:00,daily,"{""BTC/USDT"":-0.1589363522166551,""BNB/USDT"":-0.13467269003927657}","[{""ticker"":""BNB/USDT"",""qty_delta"":-15.108394863328972,""price"":606.5,""cost_usd"":4.581620742304511,""notes"":""target_w=-0.1347""},{""ticker"":""BTC/USDT"",""qty_delta"":-0.17066236921540762,""price"":63622.23,""cost_usd"":5.428960253283792,""notes"":""target_w=-0.1589""}]",121065.9,16073.88,21065.9,156614.88,"{""BNB/USDT"":{""qty"":-26.884779450518355,""avg_cost"":619.0627690981164},""BTC/USDT"":{""qty"":-0.3024628932009059,""avg_cost"":68832.62597470886},""ETH/USDT"":{""qty"":-3.862085174297586,""avg_cost"":2141.5204364313245},""LTC/USDT"":{""qty"":-184.01161053806027,""avg_cost"":53.68881710338536}}"
2026-06-05,2026-06-05T21:00:00,daily,"{""ETH/USDT"":-0.08785216501207145,""LTC/USDT"":-0.10872736307736472,""BNB/USDT"":-0.08904159768986776}","[{""ticker"":""BNB/USDT"",""qty_delta"":6.899010074423579,""price"":567.4,""cost_usd"":1.9572491581139693,""notes"":""target_w=-0.0890""},{""ticker"":""ETH/USDT"",""qty_delta"":-3.2366864255461505,""price"":1576.11,""cost_usd"":2.5506869210837713,""notes"":""target_w=-0.0879""},{""ticker"":""LTC/USDT"",""qty_delta"":-137.787447375746,""price"":43.03,""cost_usd"":2.9644969302891755,""notes"":""target_w=-0.1087""}]",127347.9,6282.0,27347.9,163723.28,"{""BNB/USDT"":{""qty"":-19.985769376094776,""avg_cost"":619.0627690981164},""BTC/USDT"":{""qty"":-0.3024628932009059,""avg_cost"":68832.62597470886},""ETH/USDT"":{""qty"":-7.098771599843737,""avg_cost"":1883.7214273042134},""LTC/USDT"":{""qty"":-321.7990579138063,""avg_cost"":49.12494047104982}}"
2026-06-06,2026-06-06T21:00:00,daily,"{""BTC/USDT"":-0.10345323006506149,""LTC/USDT"":-0.10360483845942244,""BNB/USDT"":-0.08541730160280822}","[{""ticker"":""BNB/USDT"",""qty_delta"":2.0175288942959213,""price"":573.74,""cost_usd"":0.578768513906671,""notes"":""target_w=-0.0854""},{""ticker"":""BTC/USDT"",""qty_delta"":0.09639836375617303,""price"":60592.05,""cost_usd"":2.920487238316112,""notes"":""target_w=-0.1035""},{""ticker"":""LTC/USDT"",""qty_delta"":17.857151306117828,""price"":41.14,""cost_usd"":0.3673216023668437,""notes"":""target_w=-0.1036""}]",120687.12,-6660.78,20687.12,155986.26,"{""BNB/USDT"":{""qty"":-17.968240481798855,""avg_cost"":619.0627690981164},""BTC/USDT"":{""qty"":-0.20606452944473289,""avg_cost"":68832.62597470886},""ETH/USDT"":{""qty"":-7.098771599843737,""avg_cost"":1883.7214273042134},""LTC/USDT"":{""qty"":-303.94190660768845,""avg_cost"":49.12494047104982}}"
2026-06-07,2026-06-07T21:00:00,daily,"{""BTC/USDT"":-0.08133844404081018,""ETH/USDT"":-0.0608233719786574,""LTC/USDT"":-0.0773998241875488,""BNB/USDT"":-0.06510948156258203}","[{""ticker"":""BNB/USDT"",""qty_delta"":5.918526955907616,""price"":587.95,""cost_usd"":1.7398989618629417,""notes"":""target_w=-0.0651""},{""ticker"":""BTC/USDT"",""qty_delta"":0.06155613824259018,""price"":61245.71,""cost_usd"":1.885024695762794,""notes"":""target_w=-0.0813""},{""ticker"":""ETH/USDT"",""qty_delta"":2.9888977764298517,""price"":1610.33,""cost_usd"":2.4065558781591414,""notes"":""target_w=-0.0608""},{""ticker"":""LTC/USDT"",""qty_delta"":100.11921109702868,""price"":41.32,""cost_usd"":2.068462901264613,""notes"":""target_w=-0.0774""}]",108802.92,-11884.2,8802.92,139778.27,"{""BNB/USDT"":{""qty"":-12.049713525891239,""avg_cost"":619.0627690981164},""BTC/USDT"":{""qty"":-0.1445083912021427,""avg_cost"":68832.62597470886},""ETH/USDT"":{""qty"":-4.109873823413885,""avg_cost"":1883.7214273042134},""LTC/USDT"":{""qty"":-203.82269551065977,""avg_cost"":49.12494047104982}}"
2026-06-08,2026-06-08T21:00:00,daily,"{""BTC/USDT"":-0.15676704045909226,""ETH/USDT"":-0.11289705997793338}","[{""ticker"":""BTC/USDT"",""qty_delta"":-0.16140065513716845,""price"":63388.01,""cost_usd"":5.115433170920693,""notes"":""target_w=-0.1568""},{""ticker"":""ETH/USDT"",""qty_delta"":-4.177503180591298,""price"":1685.04,""cost_usd"":3.5196299797117803,""notes"":""target_w=-0.1129""}]",123684.24,14881.32,23684.24,157039.77,"{""BNB/USDT"":{""qty"":-12.049713525891239,""avg_cost"":619.0627690981164},""BTC/USDT"":{""qty"":-0.30590904633931115,""avg_cost"":65959.99243933578},""ETH/USDT"":{""qty"":-8.287377004005183,""avg_cost"":1783.5700411555385},""LTC/USDT"":{""qty"":-203.82269551065977,""avg_cost"":49.12494047104982}}"
2026-06-09,2026-06-09T21:00:00,daily,"{""BTC/USDT"":-0.07861218857381122,""ETH/USDT"":-0.056449032016833565,""LTC/USDT"":-0.07599758863072474,""BNB/USDT"":-0.06344017768928886}","[{""ticker"":""BNB/USDT"",""qty_delta"":0.5430671853466791,""price"":596.83,""cost_usd"":0.16205939411522927,""notes"":""target_w=-0.0634""},{""ticker"":""BTC/USDT"",""qty_delta"":0.16889110680037922,""price"":62107.99,""cost_usd"":5.244743586123443,""notes"":""target_w=-0.0786""},{""ticker"":""ETH/USDT"",""qty_delta"":4.6029872282056985,""price"":1658.54,""cost_usd"":3.8171192187341396,""notes"":""target_w=-0.0564""},{""ticker"":""LTC/USDT"",""qty_delta"":14.39433404832792,""price"":43.43,""cost_usd"":0.3125729638594408,""notes"":""target_w=-0.0760""}]",108242.24,-15442.0,8242.24,137957.24,"{""BNB/USDT"":{""qty"":-11.50664634054456,""avg_cost"":619.0627690981164},""BTC/USDT"":{""qty"":-0.13701793953893193,""avg_cost"":65959.99243933578},""ETH/USDT"":{""qty"":-3.6843897757994846,""avg_cost"":1783.5700411555385},""LTC/USDT"":{""qty"":-189.42836146233185,""avg_cost"":49.12494047104982}}"
2026-06-10,2026-06-10T21:00:00,daily,"{""BTC/USDT"":-0.10476651974101747,""LTC/USDT"":-0.10155791132806113,""BNB/USDT"":-0.08437541273214468}","[{""ticker"":""BNB/USDT"",""qty_delta"":-4.979982003164476,""price"":587.68,""cost_usd"":1.4633179118098496,""notes"":""target_w=-0.0844""},{""ticker"":""BTC/USDT"",""qty_delta"":-0.05730881245463568,""price"":61908.0,""cost_usd"":1.7739369807207928,""notes"":""target_w=-0.1048""},{""ticker"":""LTC/USDT"",""qty_delta"":-90.83923766290224,""price"":41.61,""cost_usd"":1.8899103395766812,""notes"":""target_w=-0.1016""}]",114825.27,6583.03,14825.27,148206.44,"{""BNB/USDT"":{""qty"":-16.486628343709036,""avg_cost"":609.5832307680295},""BTC/USDT"":{""qty"":-0.1943267519935676,""avg_cost"":64765.02122517592},""ETH/USDT"":{""qty"":-3.6843897757994846,""avg_cost"":1783.5700411555385},""LTC/USDT"":{""qty"":-280.2675991252341,""avg_cost"":46.68922736827613}}"
2026-06-11,2026-06-11T21:00:00,daily,"{""BTC/USDT"":-0.07859648301394141,""ETH/USDT"":-0.05687817929408008,""LTC/USDT"":-0.07522983341799701,""BNB/USDT"":-0.06317364166391258}","[{""ticker"":""BNB/USDT"",""qty_delta"":5.222592749537721,""price"":604.27,""cost_usd"":1.5779280603815795,""notes"":""target_w=-0.0632""},{""ticker"":""BTC/USDT"",""qty_delta"":0.06121209127612029,""price"":63616.0,""cost_usd"":1.9470341993108342,""notes"":""target_w=-0.0786""},{""ticker"":""ETH/USDT"",""qty_delta"":0.038979280585695886,""price"":1681.08,""cost_usd"":0.03276364450350082,""notes"":""target_w=-0.0569""},{""ticker"":""LTC/USDT"",""qty_delta"":90.08718454567122,""price"":42.62,""cost_usd"":1.9197579026682536,""notes"":""target_w=-0.0752""}]",107737.54,-7087.72,7737.54,137246.0,"{""BNB/USDT"":{""qty"":-11.264035594171315,""avg_cost"":609.5832307680295},""BTC/USDT"":{""qty"":-0.13311466071744732,""avg_cost"":64765.02122517592},""ETH/USDT"":{""qty"":-3.6454104952137887,""avg_cost"":1783.5700411555385},""LTC/USDT"":{""qty"":-190.18041457956286,""avg_cost"":46.68922736827613}}"
2026-06-12,2026-06-12T21:00:00,daily,"{""BTC/USDT"":-0.07783258592376917,""ETH/USDT"":-0.05685246232280035,""LTC/USDT"":-0.07544594818363266,""BNB/USDT"":-0.06278746052412858}","[{""ticker"":""BNB/USDT"",""qty_delta"":0.050144678551548694,""price"":603.21,""cost_usd"":0.015123885774539846,""notes"":""target_w=-0.0628""},{""ticker"":""BTC/USDT"",""qty_delta"":0.0012937672946943812,""price"":63610.55,""cost_usd"":0.041148624593760834,""notes"":""target_w=-0.0778""},{""ticker"":""ETH/USDT"",""qty_delta"":-0.030401063695201014,""price"":1666.28,""cost_usd"":0.025328342207019773,""notes"":""target_w=-0.0569""},{""ticker"":""LTC/USDT"",""qty_delta"":1.111375244455786,""price"":42.99,""cost_usd"":0.02388901087957712,""notes"":""target_w=-0.0754""}]",107733.69,-3.85,7733.69,137136.23,"{""BNB/USDT"":{""qty"":-11.213890915619766,""avg_cost"":609.5832307680295},""BTC/USDT"":{""qty"":-0.13182089342275294,""avg_cost"":64765.02122517592},""ETH/USDT"":{""qty"":-3.6758115589089897,""avg_cost"":1782.5999854399947},""LTC/USDT"":{""qty"":-189.06903933510708,""avg_cost"":46.68922736827613}}"
2026-06-13,2026-06-13T21:00:00,daily,"{""BTC/USDT"":-0.08299647361657563,""ETH/USDT"":-0.062148021901778455,""LTC/USDT"":-0.07590150808605271,""BNB/USDT"":-0.064013504264067}","[{""ticker"":""BNB/USDT"",""qty_delta"":-0.08909054992121135,""price"":608.22,""cost_usd"":0.027093327136539586,""notes"":""target_w=-0.0640""},{""ticker"":""BTC/USDT"",""qty_delta"":-0.0068480239287115885,""price"":64278.04,""cost_usd"":0.22008877800534032,""notes"":""target_w=-0.0830""},{""ticker"":""ETH/USDT"",""qty_delta"":-0.30132844351185906,""price"":1678.18,""cost_usd"":0.25284168366636584,""notes"":""target_w=-0.0621""},{""ticker"":""LTC/USDT"",""qty_delta"":2.921384200980299,""price"":43.79,""cost_usd"":0.06396370708046364,""notes"":""target_w=-0.0759""}]",107393.95,-339.73,7393.95,138007.78,"{""BNB/USDT"":{""qty"":-11.302981465540977,""avg_cost"":609.5724857288411},""BTC/USDT"":{""qty"":-0.13866891735146453,""avg_cost"":64740.97215097435},""ETH/USDT"":{""qty"":-3.9771400024208488,""avg_cost"":1774.6885939212118},""LTC/USDT"":{""qty"":-186.14765513412678,""avg_cost"":46.68922736827613}}"
2026-06-14,2026-06-14T21:00:00,daily,"{""BTC/USDT"":-0.08249911566958709,""ETH/USDT"":-0.06215754660782989,""LTC/USDT"":-0.07436383015774789,""BNB/USDT"":-0.06393431617901944}","[{""ticker"":""BNB/USDT"",""qty_delta"":-0.08235016973681297,""price"":603.56,""cost_usd"":0.024851634223175417,""notes"":""target_w=-0.0639""},{""ticker"":""BTC/USDT"",""qty_delta"":-0.0002854847285424511,""price"":63812.99,""cost_usd"":0.009108817063816072,""notes"":""target_w=-0.0825""},{""ticker"":""ETH/USDT"",""qty_delta"":-0.033884019064742255,""price"":1665.6,""cost_usd"":0.02821861107711735,""notes"":""target_w=-0.0622""},{""ticker"":""LTC/USDT"",""qty_delta"":5.398979917557284,""price"":44.22,""cost_usd"":0.11937144597719156,""notes"":""target_w=-0.0744""}]",107480.92,86.97,7480.92,137893.22,"{""BNB/USDT"":{""qty"":-11.38533163527779,""avg_cost"":609.5289973847005},""BTC/USDT"":{""qty"":-0.13895440208000698,""avg_cost"":64739.06559221479},""ETH/USDT"":{""qty"":-4.011024021485591,""avg_cost"":1773.7670437194747},""LTC/USDT"":{""qty"":-180.7486752165695,""avg_cost"":46.68922736827613}}"
2026-06-15,2026-06-15T21:00:00,daily,"{""BTC/USDT"":-0.10908836681773412,""ETH/USDT"":-0.08229219905016272,""BNB/USDT"":-0.0853285553434526}","[{""ticker"":""BNB/USDT"",""qty_delta"":-4.332467471856713,""price"":620.41,""cost_usd"":1.3439530721073116,""notes"":""target_w=-0.0853""},{""ticker"":""BTC/USDT"",""qty_delta"":-0.04831333626656545,""price"":66572.0,""cost_usd"":1.6081577109688976,""notes"":""target_w=-0.1091""},{""ticker"":""ETH/USDT"",""qty_delta"":-1.15800528729235,""price"":1819.39,""cost_usd"":1.0534316198234144,""notes"":""target_w=-0.0823""}]",114277.55,6796.63,14277.55,145900.29,"{""BNB/USDT"":{""qty"":-15.717799107134503,""avg_cost"":612.5282461707836},""BTC/USDT"":{""qty"":-0.18726773834657243,""avg_cost"":65211.94563647526},""ETH/USDT"":{""qty"":-5.169029308777941,""avg_cost"":1783.9878456222687},""LTC/USDT"":{""qty"":-180.7486752165695,""avg_cost"":46.68922736827613}}"
2026-06-16,2026-06-16T21:00:00,daily,"{""BTC/USDT"":-0.0816787283311405,""ETH/USDT"":-0.06013026655493563,""LTC/USDT"":-0.07453727437719905,""BNB/USDT"":-0.06439972872457754}","[{""ticker"":""BNB/USDT"",""qty_delta"":4.406781912408684,""price"":606.88,""cost_usd"":1.3371939035012912,""notes"":""target_w=-0.0644""},{""ticker"":""BTC/USDT"",""qty_delta"":0.05459731006315946,""price"":65622.88,""cost_usd"":1.791416363298753,""notes"":""target_w=-0.0817""},{""ticker"":""ETH/USDT"",""qty_delta"":1.596533119202526,""price"":1794.08,""cost_usd"":1.432154069249434,""notes"":""target_w=-0.0601""},{""ticker"":""LTC/USDT"",""qty_delta"":5.787190340180558,""price"":45.41,""cost_usd"":0.1313981566737996,""notes"":""target_w=-0.0745""}]",106586.29,-7691.26,6586.29,136511.28,"{""BNB/USDT"":{""qty"":-11.31101719472582,""avg_cost"":612.5282461707836},""BTC/USDT"":{""qty"":-0.13267042828341297,""avg_cost"":65211.94563647526},""ETH/USDT"":{""qty"":-3.572496189575415,""avg_cost"":1783.9878456222687},""LTC/USDT"":{""qty"":-174.96148487638894,""avg_cost"":46.68922736827613}}"
2026-06-17,2026-06-17T21:00:00,daily,"{""BTC/USDT"":-0.08303158265410339,""ETH/USDT"":-0.061031412968043396,""LTC/USDT"":-0.0745533999447457,""BNB/USDT"":-0.06415070778546444}","[{""ticker"":""BNB/USDT"",""qty_delta"":-0.1881893045441032,""price"":598.01,""cost_usd"":0.05626954300520958,""notes"":""target_w=-0.0642""},{""ticker"":""BTC/USDT"",""qty_delta"":-0.005920378962112588,""price"":64221.99,""cost_usd"":0.1901092592505025,""notes"":""target_w=-0.0830""},{""ticker"":""ETH/USDT"",""qty_delta"":-0.200133131105797,""price"":1734.14,""cost_usd"":0.1735294339879034,""notes"":""target_w=-0.0610""},{""ticker"":""LTC/USDT"",""qty_delta"":-3.46579651290574,""price"":44.79,""cost_usd"":0.07761651290652405,""notes"":""target_w=-0.0746""}]",107194.59,608.3,7194.59,137505.83,"{""BNB/USDT"":{""qty"":-11.499206499269922,""avg_cost"":612.2906490243846},""BTC/USDT"":{""qty"":-0.13859080724552555,""avg_cost"":65169.656305457596},""ETH/USDT"":{""qty"":-3.772629320681212,""avg_cost"":1781.3434815527391},""LTC/USDT"":{""qty"":-178.42728138929468,""avg_cost"":46.65233650977661}}"
2026-06-18,2026-06-18T21:00:00,daily,"{""BTC/USDT"":-0.08304120676396798,""ETH/USDT"":-0.06119002646170336,""LTC/USDT"":-0.07443035504017113,""BNB/USDT"":-0.06449112648739692}","[{""ticker"":""BNB/USDT"",""qty_delta"":-0.5011254402114513,""price"":579.77,""cost_usd"":0.14526874823569658,""notes"":""target_w=-0.0645""},{""ticker"":""BTC/USDT"",""qty_delta"":-0.0035522425725343088,""price"":63025.61,""cost_usd"":0.11194112750097203,""notes"":""target_w=-0.0830""},{""ticker"":""ETH/USDT"",""qty_delta"":-0.09071891930237852,""price"":1708.7,""cost_usd"":0.0775057087059871,""notes"":""target_w=-0.0612""},{""ticker"":""LTC/USDT"",""qty_delta"":-5.824586840629053,""price"":43.58,""cost_usd"":0.12691774725730706,""notes"":""target_w=-0.0744""}]",107881.55,686.96,7881.55,138428.63,"{""BNB/USDT"":{""qty"":-12.000331939481374,""avg_cost"":610.9326095434358},""BTC/USDT"":{""qty"":-0.14214304981805986,""avg_cost"":65116.07526457323},""ETH/USDT"":{""qty"":-3.8633482399835906,""avg_cost"":1779.6376715321403},""LTC/USDT"":{""qty"":-184.25186822992373,""avg_cost"":46.55521352819307}}"
2026-06-19,2026-06-19T21:00:00,daily,"{""BTC/USDT"":-0.08312067245629218,""ETH/USDT"":-0.06177300804786441,""LTC/USDT"":-0.0747517808709138,""BNB/USDT"":-0.0636134566164776}","[{""ticker"":""BNB/USDT"",""qty_delta"":0.1765927426031091,""price"":580.17,""cost_usd"":0.051226905738022896,""notes"":""target_w=-0.0636""},{""ticker"":""ETH/USDT"",""qty_delta"":-0.05187012343867181,""price"":1701.39,""cost_usd"":0.044125654658660925,""notes"":""target_w=-0.0618""},{""ticker"":""LTC/USDT"",""qty_delta"":0.8415437453593029,""price"":43.95,""cost_usd"":0.018492923804270683,""notes"":""target_w=-0.0748""}]",107835.23,-46.32,7835.23,138377.33,"{""BNB/USDT"":{""qty"":-11.823739196878265,""avg_cost"":610.9326095434358},""BTC/USDT"":{""qty"":-0.14214304981805986,""avg_cost"":65116.07526457323},""ETH/USDT"":{""qty"":-3.9152183634222624,""avg_cost"":1778.6010201874597},""LTC/USDT"":{""qty"":-183.41032448456443,""avg_cost"":46.55521352819307}}"
2026-06-20,2026-06-20T21:00:00,daily,"{""BTC/USDT"":-0.08468003563192378,""ETH/USDT"":-0.06234517459229813,""LTC/USDT"":-0.07531123384280458,""BNB/USDT"":-0.06402407728241837}","[{""ticker"":""BNB/USDT"",""qty_delta"":0.07735662623391626,""price"":585.91,""cost_usd"":0.022662010438356937,""notes"":""target_w=-0.0640""},{""ticker"":""BTC/USDT"",""qty_delta"":-0.00022983779863991471,""price"":63936.0,""cost_usd"":0.007347454746920794,""notes"":""target_w=-0.0847""},{""ticker"":""ETH/USDT"",""qty_delta"":0.03943594327046984,""price"":1729.16,""cost_usd"":0.03409552783278282,""notes"":""target_w=-0.0623""},{""ticker"":""LTC/USDT"",""qty_delta"":0.0019517673881921382,""price"":44.14,""cost_usd"":4.307550625740049e-05,""notes"":""target_w=-0.0753""}]",107495.79,-339.43,7495.79,138278.36,"{""BNB/USDT"":{""qty"":-11.746382570644348,""avg_cost"":610.9326095434358},""BTC/USDT"":{""qty"":-0.14237288761669978,""avg_cost"":65114.17022559018},""ETH/USDT"":{""qty"":-3.8757824201517925,""avg_cost"":1778.6010201874597},""LTC/USDT"":{""qty"":-183.40837271717623,""avg_cost"":46.55521352819307}}"
2026-06-21,2026-06-21T21:00:00,daily,"{""BTC/USDT"":-0.11255610898919795,""ETH/USDT"":-0.08271056901325086,""LTC/USDT"":-0.10038191313123969}","[{""ticker"":""BTC/USDT"",""qty_delta"":-0.0576483617602388,""price"":64211.6,""cost_usd"":1.8508467730018747,""notes"":""target_w=-0.1126""},{""ticker"":""ETH/USDT"",""qty_delta"":-1.5656378251342664,""price"":1734.48,""cost_usd"":1.3577837474694414,""notes"":""target_w=-0.0827""},{""ticker"":""LTC/USDT"",""qty_delta"":-69.56196830086424,""price"":45.28,""cost_usd"":1.5748829623315665,""notes"":""target_w=-0.1004""}]",114104.39,6608.6,14104.39,147840.61,"{""BNB/USDT"":{""qty"":-11.746382570644348,""avg_cost"":610.9326095434358},""BTC/USDT"":{""qty"":-0.20002124937693858,""avg_cost"":64854.03938928693},""ETH/USDT"":{""qty"":-5.441420245286059,""avg_cost"":1765.9062576116705},""LTC/USDT"":{""qty"":-252.97034101804047,""avg_cost"":46.20455438503812}}"
2026-06-22,2026-06-22T21:00:00,daily,"{""BTC/USDT"":-0.08564571229537757,""ETH/USDT"":-0.06236726706177174,""LTC/USDT"":-0.07528587758718656,""BNB/USDT"":-0.06397467628280755}","[{""ticker"":""BNB/USDT"",""qty_delta"":0.15780089292387167,""price"":592.14,""cost_usd"":0.046720110367970684,""notes"":""target_w=-0.0640""},{""ticker"":""BTC/USDT"",""qty_delta"":0.05754117687208632,""price"":64476.0,""cost_usd"":1.8550124600023188,""notes"":""target_w=-0.0856""},{""ticker"":""ETH/USDT"",""qty_delta"":1.583847385969475,""price"":1734.16,""cost_usd"":1.3733223914264125,""notes"":""target_w=-0.0624""},{""ticker"":""LTC/USDT"",""qty_delta"":72.0309106203942,""price"":44.63,""cost_usd"":1.6073697704940968,""notes"":""target_w=-0.0753""}]",107257.29,-6847.1,7257.29,138070.87,"{""BNB/USDT"":{""qty"":-11.588581677720477,""avg_cost"":610.9326095434358},""BTC/USDT"":{""qty"":-0.14248007250485226,""avg_cost"":64854.03938928693},""ETH/USDT"":{""qty"":-3.857572859316584,""avg_cost"":1765.9062576116705},""LTC/USDT"":{""qty"":-180.93943039764628,""avg_cost"":46.20455438503812}}"
2026-06-23,2026-06-23T21:00:00,daily,"{""ETH/USDT"":-0.08302658281062482,""LTC/USDT"":-0.1008552773023651,""BNB/USDT"":-0.08515880000019121}","[{""ticker"":""BNB/USDT"",""qty_delta"":-5.758268265014621,""price"":576.3,""cost_usd"":1.659245000563963,""notes"":""target_w=-0.0852""},{""ticker"":""ETH/USDT"",""qty_delta"":-2.0034018284801873,""price"":1662.98,""cost_usd"":1.665808586362991,""notes"":""target_w=-0.0830""},{""ticker"":""LTC/USDT"",""qty_delta"":-101.49462505229923,""price"":41.92,""cost_usd"":2.127327341096192,""notes"":""target_w=-0.1009""}]",117386.87,10129.58,17386.87,148970.18,"{""BNB/USDT"":{""qty"":-17.346849942735098,""avg_cost"":599.4363518870347},""BTC/USDT"":{""qty"":-0.14248007250485226,""avg_cost"":64854.03938928693},""ETH/USDT"":{""qty"":-5.860974687796771,""avg_cost"":1730.7239434605478},""LTC/USDT"":{""qty"":-282.4340554499455,""avg_cost"":44.66487022714557}}"
2026-06-24,2026-06-24T21:00:00,daily,"{""BTC/USDT"":-0.08475577956243831,""ETH/USDT"":-0.061521315972323486,""LTC/USDT"":-0.07238976950534953,""BNB/USDT"":-0.06354573990256322}","[{""ticker"":""BNB/USDT"",""qty_delta"":4.72340197139251,""price"":554.87,""cost_usd"":1.3104370259332812,""notes"":""target_w=-0.0635""},{""ticker"":""BTC/USDT"",""qty_delta"":-0.01346343556767396,""price"":59908.0,""cost_usd"":0.4032837489941058,""notes"":""target_w=-0.0848""},{""ticker"":""ETH/USDT"",""qty_delta"":1.5731825222356486,""price"":1581.52,""cost_usd"":1.2440098112830615,""notes"":""target_w=-0.0615""},{""ticker"":""LTC/USDT"",""qty_delta"":83.2525332738631,""price"":40.06,""cost_usd"":1.6675482414754779,""notes"":""target_w=-0.0724""}]",110221.06,-7165.82,10221.06,141328.13,"{""BNB/USDT"":{""qty"":-12.623447971342587,""avg_cost"":599.4363518870347},""BTC/USDT"":{""qty"":-0.15594350807252622,""avg_cost"":64427.02140401837},""ETH/USDT"":{""qty"":-4.287792165561123,""avg_cost"":1730.7239434605478},""LTC/USDT"":{""qty"":-199.1815221760824,""avg_cost"":44.66487022714557}}"
2026-06-25,2026-06-25T21:00:00,daily,"{""BTC/USDT"":-0.08376358936558773,""ETH/USDT"":-0.06119535389624811,""LTC/USDT"":-0.0719706139264275,""BNB/USDT"":-0.0632312079825687}","[{""ticker"":""BNB/USDT"",""qty_delta"":0.07524330645244781,""price"":555.37,""cost_usd"":0.02089393755224797,""notes"":""target_w=-0.0632""},{""ticker"":""BTC/USDT"",""qty_delta"":0.0004941126858449829,""price"":59388.01,""cost_usd"":0.014672184564044352,""notes"":""target_w=-0.0838""},{""ticker"":""ETH/USDT"",""qty_delta"":-0.029252569554347296,""price"":1562.3,""cost_usd"":0.022850644707378392,""notes"":""target_w=-0.0612""},{""ticker"":""LTC/USDT"",""qty_delta"":5.195415002242868,""price"":40.89,""cost_usd"":0.10622025972085544,""notes"":""target_w=-0.0720""}]",110212.76,-8.3,10212.76,141090.1,"{""BNB/USDT"":{""qty"":-12.54820466489014,""avg_cost"":599.4363518870347},""BTC/USDT"":{""qty"":-0.15544939538668123,""avg_cost"":64427.02140401837},""ETH/USDT"":{""qty"":-4.31704473511547,""avg_cost"":1729.582692113157},""LTC/USDT"":{""qty"":-193.98610717383954,""avg_cost"":44.66487022714557}}"
2026-06-26,2026-06-26T21:00:00,daily,"{""BTC/USDT"":-0.08379641558686195,""ETH/USDT"":-0.06120295640513831,""LTC/USDT"":-0.07207252455920743,""BNB/USDT"":-0.06335438270268308}","[{""ticker"":""BNB/USDT"",""qty_delta"":0.32645207923886765,""price"":568.45,""cost_usd"":0.09278584222166716,""notes"":""target_w=-0.0634""},{""ticker"":""BTC/USDT"",""qty_delta"":0.002116859862087317,""price"":59929.44,""cost_usd"":0.06343111304668507,""notes"":""target_w=-0.0838""},{""ticker"":""ETH/USDT"",""qty_delta"":0.07461149492259889,""price"":1582.0,""cost_usd"":0.05901769248377572,""notes"":""target_w=-0.0612""},{""ticker"":""LTC/USDT"",""qty_delta"":5.8973739114998125,""price"":42.02,""cost_usd"":0.12390382588061107,""notes"":""target_w=-0.0721""}]",109659.88,-552.88,9659.88,140411.48,"{""BNB/USDT"":{""qty"":-12.221752585651272,""avg_cost"":599.4363518870347},""BTC/USDT"":{""qty"":-0.15333253552459392,""avg_cost"":64427.02140401837},""ETH/USDT"":{""qty"":-4.242433240192871,""avg_cost"":1729.582692113157},""LTC/USDT"":{""qty"":-188.08873326233973,""avg_cost"":44.66487022714557}}"
2026-06-27,2026-06-27T21:00:00,daily,"{""BTC/USDT"":-0.08392027209911297,""ETH/USDT"":-0.061431460155345445,""LTC/USDT"":-0.07109979201764781,""BNB/USDT"":-0.06331687172293074}","[{""ticker"":""BNB/USDT"",""qty_delta"":-0.19768055457657852,""price"":559.22,""cost_usd"":0.055273459865157124,""notes"":""target_w=-0.0633""},{""ticker"":""BTC/USDT"",""qty_delta"":0.0003901587340522372,""price"":60187.19,""cost_usd"":0.011741278928280738,""notes"":""target_w=-0.0839""},{""ticker"":""ETH/USDT"",""qty_delta"":-0.026285246017383912,""price"":1578.55,""cost_usd"":0.02074628755037069,""notes"":""target_w=-0.0614""},{""ticker"":""LTC/USDT"",""qty_delta"":3.8482427692597128,""price"":42.33,""cost_usd"":0.08144805821138182,""notes"":""target_w=-0.0711""}]",109689.32,29.44,9689.32,140376.97,"{""BNB/USDT"":{""qty"":-12.41943314022785,""avg_cost"":598.7962267980462},""BTC/USDT"":{""qty"":-0.15294237679054168,""avg_cost"":64427.02140401837},""ETH/USDT"":{""qty"":-4.268718486210255,""avg_cost"":1728.6526866603058},""LTC/USDT"":{""qty"":-184.24049049308002,""avg_cost"":44.66487022714557}}"
2026-06-28,2026-06-28T21:00:00,daily,"{""BTC/USDT"":-0.08408224562756579,""ETH/USDT"":-0.061424612572981575,""LTC/USDT"":-0.07102049317086873,""BNB/USDT"":-0.06307415657449177}","[{""ticker"":""BNB/USDT"",""qty_delta"":-0.22197376090887921,""price"":548.58,""cost_usd"":0.060885182879696485,""notes"":""target_w=-0.0631""},{""ticker"":""BTC/USDT"",""qty_delta"":-0.0024395356790719858,""price"":59496.0,""cost_usd"":0.07257130738103344,""notes"":""target_w=-0.0841""},{""ticker"":""ETH/USDT"",""qty_delta"":-0.04711561239357831,""price"":1564.81,""cost_usd"":0.036863490714797637,""notes"":""target_w=-0.0614""},{""ticker"":""LTC/USDT"",""qty_delta"":0.68383877070994,""price"":42.54,""cost_usd"":0.014545250653000425,""notes"":""target_w=-0.0710""}]",109946.95,257.63,9946.95,140688.34,"{""BNB/USDT"":{""qty"":-12.64140690113673,""avg_cost"":597.9144669743027},""BTC/USDT"":{""qty"":-0.15538191246961366,""avg_cost"":64349.60310958386},""ETH/USDT"":{""qty"":-4.315834098603833,""avg_cost"":1726.8640292787102},""LTC/USDT"":{""qty"":-183.55665172237008,""avg_cost"":44.66487022714557}}"
2026-06-29,2026-06-29T21:00:00,daily,"{""BTC/USDT"":-0.08407992052787226,""ETH/USDT"":-0.06149082439971922,""LTC/USDT"":-0.07083018468117586,""BNB/USDT"":-0.06308180633067463}","[{""ticker"":""BNB/USDT"",""qty_delta"":0.3832392997598255,""price"":561.98,""cost_usd"":0.10768641083951337,""notes"":""target_w=-0.0631""},{""ticker"":""BTC/USDT"",""qty_delta"":0.0035113409975076337,""price"":60459.0,""cost_usd"":0.10614608268415701,""notes"":""target_w=-0.0841""},{""ticker"":""ETH/USDT"",""qty_delta"":0.18445520587829822,""price"":1625.39,""cost_usd"":0.14990582354126358,""notes"":""target_w=-0.0615""},{""ticker"":""LTC/USDT"",""qty_delta"":5.412795427992791,""price"":43.42,""cost_usd"":0.1175117887417235,""notes"":""target_w=-0.0708""}]",109204.46,-742.49,9204.46,139725.36,"{""BNB/USDT"":{""qty"":-12.258167601376904,""avg_cost"":597.9144669743027},""BTC/USDT"":{""qty"":-0.15187057147210603,""avg_cost"":64349.60310958386},""ETH/USDT"":{""qty"":-4.131378892725535,""avg_cost"":1726.8640292787102},""LTC/USDT"":{""qty"":-178.1438562943773,""avg_cost"":44.66487022714557}}"
2026-06-30,2026-06-30T21:00:00,daily,"{""BTC/USDT"":-0.08386568043112413,""ETH/USDT"":-0.06075542534204176,""LTC/USDT"":-0.07036541438486503,""BNB/USDT"":-0.06284473390868167}","[{""ticker"":""BNB/USDT"",""qty_delta"":-0.4029973192395584,""price"":546.68,""cost_usd"":0.11015528724094088,""notes"":""target_w=-0.0628""},{""ticker"":""BTC/USDT"",""qty_delta"":-0.005369605892954765,""price"":58743.35,""cost_usd"":0.15771431916595216,""notes"":""target_w=-0.0839""},{""ticker"":""ETH/USDT"",""qty_delta"":-0.10760661418399575,""price"":1578.56,""cost_usd"":0.08493174844314416,""notes"":""target_w=-0.0608""},{""ticker"":""LTC/USDT"",""qty_delta"":-7.34967700614888,""price"":41.78,""cost_usd"":0.15353475265845012,""notes"":""target_w=-0.0704""}]",110137.69,933.23,10137.69,140737.52,"{""BNB/USDT"":{""qty"":-12.661164920616462,""avg_cost"":596.2837044834287},""BTC/USDT"":{""qty"":-0.1572401773650608,""avg_cost"":64158.15477723604},""ETH/USDT"":{""qty"":-4.238985506909531,""avg_cost"":1723.0993326468122},""LTC/USDT"":{""qty"":-185.49353330052617,""avg_cost"":44.55056508670801}}"
2026-07-01,2026-07-01T21:00:00,daily,"{""BTC/USDT"":-0.11265586656751447,""ETH/USDT"":-0.08112155043406895,""LTC/USDT"":-0.09291719013123487}","[{""ticker"":""BTC/USDT"",""qty_delta"":-0.061380591553862995,""price"":60059.99,""cost_usd"":1.8432588574595479,""notes"":""target_w=-0.1127""},{""ticker"":""ETH/USDT"",""qty_delta"":-1.6057357259249825,""price"":1617.69,""cost_usd"":1.2987913132357927,""notes"":""target_w=-0.0811""},{""ticker"":""LTC/USDT"",""qty_delta"":-69.32440547311887,""price"":42.5,""cost_usd"":1.473143616303776,""notes"":""target_w=-0.0929""}]",116548.22,6410.53,16548.22,149963.3,"{""BNB/USDT"":{""qty"":-12.661164920616462,""avg_cost"":596.2837044834287},""BTC/USDT"":{""qty"":-0.2186207689189238,""avg_cost"":63007.54232830973},""ETH/USDT"":{""qty"":-5.844721232834513,""avg_cost"":1694.1399478388541},""LTC/USDT"":{""qty"":-254.81793877364504,""avg_cost"":43.99269931711538}}"
2026-07-02,2026-07-02T21:00:00,daily,"{""BTC/USDT"":-0.08309054587238994,""ETH/USDT"":-0.060343175650982656,""LTC/USDT"":-0.06911161634334122,""BNB/USDT"":-0.06241411934415167}","[{""ticker"":""BNB/USDT"",""qty_delta"":0.533029616236977,""price"":558.11,""cost_usd"":0.14874457955900963,""notes"":""target_w=-0.0624""},{""ticker"":""BTC/USDT"",""qty_delta"":0.07208497729284441,""price"":61494.87,""cost_usd"":2.2164281537882093,""notes"":""target_w=-0.0831""},{""ticker"":""ETH/USDT"",""qty_delta"":1.9960744382255604,""price"":1700.4,""cost_usd"":1.6970624873793716,""notes"":""target_w=-0.0603""},{""ticker"":""LTC/USDT"",""qty_delta"":82.1974978982714,""price"":43.42,""cost_usd"":1.784507679371472,""notes"":""target_w=-0.0691""}]",108444.51,-8103.71,8444.51,138263.96,"{""BNB/USDT"":{""qty"":-12.128135304379486,""avg_cost"":596.2837044834287},""BTC/USDT"":{""qty"":-0.14653579162607938,""avg_cost"":63007.54232830973},""ETH/USDT"":{""qty"":-3.848646794608953,""avg_cost"":1694.1399478388541},""LTC/USDT"":{""qty"":-172.62044087537365,""avg_cost"":43.99269931711538}}"
2026-08-04,2026-08-04T21:00:00,daily,"{""BTC/USDT"":-0.0891633977907541,""ETH/USDT"":-0.0560482364659925,""LTC/USDT"":-0.07493871485928279,""BNB/USDT"":-0.09000328234251949}","[{""ticker"":""BNB/USDT"",""qty_delta"":-4.051359553946503,""price"":593.71,""cost_usd"":1.2026663403867892,""notes"":""target_w=-0.0900""},{""ticker"":""BTC/USDT"",""qty_delta"":-0.0017304088267997564,""price"":64183.8,""cost_usd"":0.055532107028775105,""notes"":""target_w=-0.0892""},{""ticker"":""ETH/USDT"",""qty_delta"":0.65777885491904,""price"":1874.71,""cost_usd"":0.6165722985526367,""notes"":""target_w=-0.0560""},{""ticker"":""LTC/USDT"",""qty_delta"":-6.348167253626684,""price"":44.69,""cost_usd"":0.14184979728228825,""notes"":""target_w=-0.0749""}]",106726.62,-1717.89,6726.62,139828.9,"{""BNB/USDT"":{""qty"":-16.179494858325988,""avg_cost"":595.6392466471813},""BTC/USDT"":{""qty"":-0.14826620045287914,""avg_cost"":63021.27038400595},""ETH/USDT"":{""qty"":-3.190867939689913,""avg_cost"":1694.1399478388541},""LTC/USDT"":{""qty"":-178.96860812900033,""avg_cost"":44.01743315958807}}"
2026-08-05,2026-08-05T21:00:00,daily,"{""BTC/USDT"":-0.09424186960282833,""ETH/USDT"":-0.06471907733500622,""LTC/USDT"":-0.07875032892533176,""BNB/USDT"":-0.09804402988767055}","[{""ticker"":""BNB/USDT"",""qty_delta"":-1.1979304596981741,""price"":599.66,""cost_usd"":0.35917548973130353,""notes"":""target_w=-0.0980""},{""ticker"":""BTC/USDT"",""qty_delta"":-0.006165471486614171,""price"":64859.99,""cost_usd"":0.19994620948354014,""notes"":""target_w=-0.0942""},{""ticker"":""ETH/USDT"",""qty_delta"":-0.39640182519388034,""price"":1917.51,""cost_usd"":0.38005223191375875,""notes"":""target_w=-0.0647""},{""ticker"":""LTC/USDT"",""qty_delta"":-5.798019409837991,""price"":45.3,""cost_usd"":0.1313251396328305,""notes"":""target_w=-0.0788""}]",106283.29,-443.33,6283.29,141968.83,"{""BNB/USDT"":{""qty"":-17.377425318024162,""avg_cost"":595.9164213623147},""BTC/USDT"":{""qty"":-0.1544316719394933,""avg_cost"":63094.67872843371},""ETH/USDT"":{""qty"":-3.5872697648837932,""avg_cost"":1718.822868882903},""LTC/USDT"":{""qty"":-184.76662753883832,""avg_cost"":44.05768040301172}}"
2026-08-06,2026-08-06T21:00:00,daily,"{""BTC/USDT"":-0.09411653372759786,""ETH/USDT"":-0.06456435852497328,""LTC/USDT"":-0.08232957252469504,""BNB/USDT"":-0.09807928303007275}","[{""ticker"":""BNB/USDT"",""qty_delta"":-0.3162307963946489,""price"":590.41,""cost_usd"":0.09335291224968233,""notes"":""target_w=-0.0981""},{""ticker"":""BTC/USDT"",""qty_delta"":-0.0010881909708695403,""price"":64457.59,""cost_usd"":0.03507108372100539,""notes"":""target_w=-0.0941""},{""ticker"":""ETH/USDT"",""qty_delta"":-0.012154030726128084,""price"":1910.53,""cost_usd"":0.011610320161594745,""notes"":""target_w=-0.0646""},{""ticker"":""LTC/USDT"",""qty_delta"":-8.34052636128277,""price"":45.41,""cost_usd"":0.18937165103292525,""notes"":""target_w=-0.0823""}]",106510.56,227.27,6510.56,142627.31,"{""BNB/USDT"":{""qty"":-17.69365611441881,""avg_cost"":595.8180075578738},""BTC/USDT"":{""qty"":-0.15551986291036285,""avg_cost"":63104.21518064026},""ETH/USDT"":{""qty"":-3.5994237956099213,""avg_cost"":1719.4701987040976},""LTC/USDT"":{""qty"":-193.1071539001211,""avg_cost"":44.11608868576956}}"
2026-08-07,2026-08-07T21:00:00,daily,"{""BTC/USDT"":-0.0987653024768937,""ETH/USDT"":-0.07025733948220936,""LTC/USDT"":-0.08453457165873719,""BNB/USDT"":-0.10805852230716972}","[{""ticker"":""BNB/USDT"",""qty_delta"":-1.672740624873036,""price"":593.41,""cost_usd"":0.49631050710295416,""notes"":""target_w=-0.1081""},{""ticker"":""BTC/USDT"",""qty_delta"":-0.0061661645750721306,""price"":64964.57,""cost_usd"":0.20029111508439684,""notes"":""target_w=-0.0988""},{""ticker"":""ETH/USDT"",""qty_delta"":-0.2941243057654548,""price"":1919.07,""cost_usd"":0.28222256573265564,""notes"":""target_w=-0.0703""},{""ticker"":""LTC/USDT"",""qty_delta"":-4.9629067583735775,""price"":45.39,""cost_usd"":0.11263316888128834,""notes"":""target_w=-0.0845""}]",106350.66,-159.89,6350.66,144809.13,"{""BNB/USDT"":{""qty"":-19.366396739291847,""avg_cost"":595.6100198706813},""BTC/USDT"":{""qty"":-0.16168602748543498,""avg_cost"":63175.16289432093},""ETH/USDT"":{""qty"":-3.893548101375376,""avg_cost"":1734.5482589870414},""LTC/USDT"":{""qty"":-198.07006065849467,""avg_cost"":44.14800821489952}}"
2026-08-08,2026-08-08T21:00:00,daily,"{""BTC/USDT"":-0.09857245825355876,""ETH/USDT"":-0.07025272727801321,""LTC/USDT"":-0.08455885374821484,""BNB/USDT"":-0.10812912854763639}","[{""ticker"":""BNB/USDT"",""qty_delta"":0.36058267541304545,""price"":603.19,""cost_usd"":0.10874993199119747,""notes"":""target_w=-0.1081""},{""ticker"":""BTC/USDT"",""qty_delta"":0.0010893409280702815,""price"":65075.41,""cost_usd"":0.03544465376197704,""notes"":""target_w=-0.0986""},{""ticker"":""ETH/USDT"",""qty_delta"":0.014392081483890706,""price"":1920.1,""cost_usd"":0.013817117828609272,""notes"":""target_w=-0.0703""},{""ticker"":""LTC/USDT"",""qty_delta"":3.0909763111579593,""price"":45.98,""cost_usd"":0.07106154539352148,""notes"":""target_w=-0.0846""}]",106022.24,-328.43,6022.24,144350.76,"{""BNB/USDT"":{""qty"":-19.005814063878802,""avg_cost"":595.6100198706813},""BTC/USDT"":{""qty"":-0.1605966865573647,""avg_cost"":63175.16289432093},""ETH/USDT"":{""qty"":-3.8791560198914854,""avg_cost"":1734.5482589870414},""LTC/USDT"":{""qty"":-194.9790843473367,""avg_cost"":44.14800821489952}}"
2026-08-09,2026-08-09T21:00:00,daily,"{""BTC/USDT"":-0.10023857048586929,""ETH/USDT"":-0.07155557323538768,""LTC/USDT"":-0.08438233799795011,""BNB/USDT"":-0.1081874678804045}","[{""ticker"":""BNB/USDT"",""qty_delta"":0.15087182810032473,""price"":607.54,""cost_usd"":0.04583033522203565,""notes"":""target_w=-0.1082""},{""ticker"":""BTC/USDT"",""qty_delta"":-0.002231821137622575,""price"":65181.98,""cost_usd"":0.07273726037804598,""notes"":""target_w=-0.1002""},{""ticker"":""ETH/USDT"",""qty_delta"":-0.06297710166505732,""price"":1921.92,""cost_usd"":0.06051847561605349,""notes"":""target_w=-0.0716""},{""ticker"":""LTC/USDT"",""qty_delta"":1.380144070557776,""price"":46.15,""cost_usd"":0.03184682442812069,""notes"":""target_w=-0.0844""}]",105882.03,-140.21,5882.03,144461.7,"{""BNB/USDT"":{""qty"":-18.854942235778477,""avg_cost"":595.6100198706813},""BTC/USDT"":{""qty"":-0.16282850769498727,""avg_cost"":63202.669483303405},""ETH/USDT"":{""qty"":-3.9421331215565427,""avg_cost"":1737.5415950360973},""LTC/USDT"":{""qty"":-193.59894027677893,""avg_cost"":44.14800821489952}}"
2026-08-10,2026-08-10T21:00:00,daily,"{""BTC/USDT"":-0.10029675264382205,""ETH/USDT"":-0.07174993957583817,""LTC/USDT"":-0.08607863572360568,""BNB/USDT"":-0.10880211774198743}","[{""ticker"":""BNB/USDT"",""qty_delta"":-0.4492950487791738,""price"":600.64,""cost_usd"":0.1349322890493615,""notes"":""target_w=-0.1088""},{""ticker"":""BTC/USDT"",""qty_delta"":-0.004078403948897746,""price"":64038.64,""cost_usd"":0.1305877211290206,""notes"":""target_w=-0.1003""},{""ticker"":""ETH/USDT"",""qty_delta"":-0.1292467599225855,""price"":1878.06,""cost_usd"":0.12136658497010545,""notes"":""target_w=-0.0717""},{""ticker"":""LTC/USDT"",""qty_delta"":-9.664649461735507,""price"":45.13,""cost_usd"":0.21808281510406174,""notes"":""target_w=-0.0861""}]",106568.07,686.04,6568.07,145671.04,"{""BNB/USDT"":{""qty"":-19.30423728455765,""avg_cost"":595.7270897727058},""BTC/USDT"":{""qty"":-0.16690691164388502,""avg_cost"":63223.096590982044},""ETH/USDT"":{""qty"":-4.071379881479128,""avg_cost"":1742.0023796054006},""LTC/USDT"":{""qty"":-203.26358973851444,""avg_cost"":44.1946993433476}}"
2026-08-11,2026-08-11T21:00:00,daily,"{""BTC/USDT"":-0.1036151494661582,""ETH/USDT"":-0.07222893242086141,""LTC/USDT"":-0.08649219118086542,""BNB/USDT"":-0.11365392381286739}","[{""ticker"":""BNB/USDT"",""qty_delta"":-0.44494637682765514,""price"":611.98,""cost_usd"":0.1361491418454942,""notes"":""target_w=-0.1137""},{""ticker"":""BTC/USDT"",""qty_delta"":-0.006504599542279721,""price"":63540.01,""cost_usd"":0.20665115998122446,""notes"":""target_w=-0.1036""},{""ticker"":""ETH/USDT"",""qty_delta"":-0.009959889550472667,""price"":1881.96,""cost_usd"":0.009372056869203772,""notes"":""target_w=-0.0722""},{""ticker"":""LTC/USDT"",""qty_delta"":1.116521605333844,""price"":45.5,""cost_usd"":0.02540086652134495,""notes"":""target_w=-0.0865""}]",106340.92,-227.15,6340.92,146324.2,"{""BNB/USDT"":{""qty"":-19.749183661385306,""avg_cost"":596.093265592554},""BTC/USDT"":{""qty"":-0.17341151118616474,""avg_cost"":63234.983891895004},""ETH/USDT"":{""qty"":-4.081339771029601,""avg_cost"":1742.343924911374},""LTC/USDT"":{""qty"":-202.1470681331806,""avg_cost"":44.1946993433476}}"
2026-08-12,2026-08-12T21:00:00,daily,"{""BTC/USDT"":-0.1034840092726715,""ETH/USDT"":-0.07227132524335503,""LTC/USDT"":-0.08676340302729717,""BNB/USDT"":-0.10971954422398451}","[{""ticker"":""BNB/USDT"",""qty_delta"":0.5760277718179374,""price"":609.79,""cost_usd"":0.17562798748843003,""notes"":""target_w=-0.1097""},{""ticker"":""BTC/USDT"",""qty_delta"":-0.0004568178650163901,""price"":63422.4,""cost_usd"":0.01448624268110775,""notes"":""target_w=-0.1035""},{""ticker"":""ETH/USDT"",""qty_delta"":-0.01654565113562967,""price"":1879.3,""cost_usd"":0.015547121089594418,""notes"":""target_w=-0.0723""},{""ticker"":""LTC/USDT"",""qty_delta"":-4.269912750432354,""price"":44.79,""cost_usd"":0.09562469604593257,""notes"":""target_w=-0.0868""}]",106558.64,217.73,6558.64,146223.96,"{""BNB/USDT"":{""qty"":-19.17315588956737,""avg_cost"":596.093265592554},""BTC/USDT"":{""qty"":-0.17386832905118113,""avg_cost"":63235.47630489996},""ETH/USDT"":{""qty"":-4.0978854221652306,""avg_cost"":1742.8968997278646},""LTC/USDT"":{""qty"":-206.41698088361295,""avg_cost"":44.20701364933784}}"
2026-08-13,2026-08-13T21:00:00,daily,"{""BTC/USDT"":-0.10420142537419391,""ETH/USDT"":-0.07231171761680827,""LTC/USDT"":-0.0881682011434567,""BNB/USDT"":-0.10962401824589596}","[{""ticker"":""BNB/USDT"",""qty_delta"":0.022461598999448995,""price"":609.8,""cost_usd"":0.0068485415349319985,""notes"":""target_w=-0.1096""},{""ticker"":""BTC/USDT"",""qty_delta"":-0.0011820928446396872,""price"":63412.77,""cost_usd"":0.037479890837891106,""notes"":""target_w=-0.1042""},{""ticker"":""ETH/USDT"",""qty_delta"":0.017765631111817726,""price"":1888.0,""cost_usd"":0.016770755769555935,""notes"":""target_w=-0.0723""},{""ticker"":""LTC/USDT"",""qty_delta"":-3.376076604865375,""price"":44.77,""cost_usd"":0.07557347479991143,""notes"":""target_w=-0.0882""}]",106528.47,-30.18,6528.47,146402.69,"{""BNB/USDT"":{""qty"":-19.15069429056792,""avg_cost"":596.093265592554},""BTC/USDT"":{""qty"":-0.17505042189582082,""avg_cost"":63236.67354627822},""ETH/USDT"":{""qty"":-4.080119791053413,""avg_cost"":1742.8968997278646},""LTC/USDT"":{""qty"":-209.79305748847833,""avg_cost"":44.21607345841867}}"
2026-08-14,2026-08-14T21:00:00,daily,"{""BTC/USDT"":-0.10583054300269412,""ETH/USDT"":-0.07309914458089735,""LTC/USDT"":-0.08956685768331338,""BNB/USDT"":-0.11024282191987936}","[{""ticker"":""BNB/USDT"",""qty_delta"":-0.29004991586806383,""price"":606.4,""cost_usd"":0.08794313449119696,""notes"":""target_w=-0.1102""},{""ticker"":""BTC/USDT"",""qty_delta"":-0.004664978513763823,""price"":62972.0,""cost_usd"":0.14688151348436773,""notes"":""target_w=-0.1058""},{""ticker"":""ETH/USDT"",""qty_delta"":-0.07510443857892568,""price"":1881.22,""cost_usd"":0.07064398597172328,""notes"":""target_w=-0.0731""},{""ticker"":""LTC/USDT"",""qty_delta"":-9.681586478724569,""price"":43.64,""cost_usd"":0.2112522169657701,""notes"":""target_w=-0.0896""}]",106934.95,406.48,6934.95,147435.62,"{""BNB/USDT"":{""qty"":-19.440744206435983,""avg_cost"":596.2470388954692},""BTC/USDT"":{""qty"":-0.17971540040958464,""avg_cost"":63229.80325912568},""ETH/USDT"":{""qty"":-4.1552242296323385,""avg_cost"":1745.3970485078871},""LTC/USDT"":{""qty"":-219.4746439672029,""avg_cost"":44.190661388463965}}"
2026-08-15,2026-08-15T21:00:00,daily,"{""BTC/USDT"":-0.10602572041990536,""ETH/USDT"":-0.07525871862435965,""LTC/USDT"":-0.08864485877415156,""BNB/USDT"":-0.11017079657476456}","[{""ticker"":""BNB/USDT"",""qty_delta"":0.22709357137721398,""price"":611.58,""cost_usd"":0.06944294319143826,""notes"":""target_w=-0.1102""},{""ticker"":""BTC/USDT"",""qty_delta"":0.000572712859484098,""price"":63126.08,""cost_usd"":0.018076558892410964,""notes"":""target_w=-0.1060""},{""ticker"":""ETH/USDT"",""qty_delta"":-0.1041277012548667,""price"":1884.56,""cost_usd"":0.09811745033843579,""notes"":""target_w=-0.0753""},{""ticker"":""LTC/USDT"",""qty_delta"":5.8078900949349475,""price"":44.25,""cost_usd"":0.12849956835043572,""notes"":""target_w=-0.0886""}]",106658.48,-276.47,6658.48,147199.5,"{""BNB/USDT"":{""qty"":-19.21365063505877,""avg_cost"":596.2470388954692},""BTC/USDT"":{""qty"":-0.17914268755010054,""avg_cost"":63229.80325912568},""ETH/USDT"":{""qty"":-4.259351930887205,""avg_cost"":1748.7991431161386},""LTC/USDT"":{""qty"":-213.66675387226795,""avg_cost"":44.190661388463965}}"
2026-08-16,2026-08-16T21:00:00,daily,"{""BTC/USDT"":-0.10636535345504629,""ETH/USDT"":-0.07526892594897636,""LTC/USDT"":-0.08854959143574234,""BNB/USDT"":-0.11222797781043765}","[{""ticker"":""BNB/USDT"",""qty_delta"":-0.5423662620226253,""price"":606.1,""cost_usd"":0.16436409570595661,""notes"":""target_w=-0.1122""},{""ticker"":""BTC/USDT"",""qty_delta"":-0.0006834150631660207,""price"":63108.81,""cost_usd"":0.0215647556862412,""notes"":""target_w=-0.1064""},{""ticker"":""ETH/USDT"",""qty_delta"":0.001177242442453874,""price"":1885.97,""cost_usd"":0.0011101219645973665,""notes"":""target_w=-0.0753""},{""ticker"":""LTC/USDT"",""qty_delta"":1.6432951329938987,""price"":44.56,""cost_usd"":0.036612615563104065,""notes"":""target_w=-0.0885""}]",106694.4,35.92,6694.4,147495.69,"{""BNB/USDT"":{""qty"":-19.756016897081395,""avg_cost"":596.5175343962555},""BTC/USDT"":{""qty"":-0.17982610261326656,""avg_cost"":63229.34343369085},""ETH/USDT"":{""qty"":-4.258174688444751,""avg_cost"":1748.7991431161386},""LTC/USDT"":{""qty"":-212.02345873927405,""avg_cost"":44.190661388463965}}"
2026-08-17,2026-08-17T21:00:00,daily,"{""BTC/USDT"":-0.1075923069970948,""ETH/USDT"":-0.07615050861218935,""LTC/USDT"":-0.0892051809622563,""BNB/USDT"":-0.11207057656234508}","[{""ticker"":""BNB/USDT"",""qty_delta"":0.04997253100349042,""price"":605.25,""cost_usd"":0.015122937194931288,""notes"":""target_w=-0.1121""},{""ticker"":""BTC/USDT"",""qty_delta"":0.0017291055548966372,""price"":64293.53,""cost_usd"":0.0555851499334568,""notes"":""target_w=-0.1076""},{""ticker"":""ETH/USDT"",""qty_delta"":0.00883455044260728,""price"":1907.19,""cost_usd"":0.00842458312931809,""notes"":""target_w=-0.0762""},{""ticker"":""LTC/USDT"",""qty_delta"":-1.4126763600932009,""price"":44.48,""cost_usd"":0.031417922248472785,""notes"":""target_w=-0.0892""}]",106424.64,-269.76,6424.64,147400.15,"{""BNB/USDT"":{""qty"":-19.706044366077904,""avg_cost"":596.5175343962555},""BTC/USDT"":{""qty"":-0.17809699705836993,""avg_cost"":63229.34343369085},""ETH/USDT"":{""qty"":-4.249340138002144,""avg_cost"":1748.7991431161386},""LTC/USDT"":{""qty"":-213.43613509936725,""avg_cost"":44.192576442896474}}"
2026-08-18,2026-08-18T21:00:00,daily,"{""BTC/USDT"":-0.10723312157030679,""ETH/USDT"":-0.07653585643401108,""LTC/USDT"":-0.09039291985923381,""BNB/USDT"":-0.12007413028361873}","[{""ticker"":""BNB/USDT"",""qty_delta"":-1.470443580659495,""price"":603.09,""cost_usd"":0.4434049095299675,""notes"":""target_w=-0.1201""},{""ticker"":""BTC/USDT"",""qty_delta"":0.0016882307657736795,""price"":64654.0,""cost_usd"":0.05457543596516574,""notes"":""target_w=-0.1072""},{""ticker"":""ETH/USDT"",""qty_delta"":-0.004199366336893107,""price"":1913.82,""cost_usd"":0.004018415641436382,""notes"":""target_w=-0.0765""},{""ticker"":""LTC/USDT"",""qty_delta"":-2.4231903327464295,""price"":44.54,""cost_usd"":0.053964448710262986,""notes"":""target_w=-0.0904""}]",106361.47,-63.17,6361.47,148293.22,"{""BNB/USDT"":{""qty"":-21.1764879467374,""avg_cost"":596.9739103487005},""BTC/USDT"":{""qty"":-0.17640876629259625,""avg_cost"":63229.34343369085},""ETH/USDT"":{""qty"":-4.253539504339037,""avg_cost"":1748.962062263963},""LTC/USDT"":{""qty"":-215.85932543211368,""avg_cost"":44.19647654498035}}"
2026-08-19,2026-08-19T21:00:00,daily,"{""BTC/USDT"":-0.1075367646872092,""ETH/USDT"":-0.07654222841777898,""LTC/USDT"":-0.09038928984357876,""BNB/USDT"":-0.1200953858786048}","[{""ticker"":""BNB/USDT"",""qty_delta"":0.880644429958295,""price"":616.94,""cost_usd"":0.2716523873092353,""notes"":""target_w=-0.1201""},{""ticker"":""BTC/USDT"",""qty_delta"":0.012621164475577706,""price"":68454.13,""cost_usd"":0.4319854168812891,""notes"":""target_w=-0.1075""},{""ticker"":""ETH/USDT"",""qty_delta"":0.4602839110361714,""price"":2103.84,""cost_usd"":0.4841818516971695,""notes"":""target_w=-0.0765""},{""ticker"":""LTC/USDT"",""qty_delta"":11.25408461890018,""price"":46.06,""cost_usd"":0.2591815687732712,""notes"":""target_w=-0.0904""}]",104259.99,-2101.48,4259.99,145397.77,"{""BNB/USDT"":{""qty"":-20.295843516779104,""avg_cost"":596.9739103487005},""BTC/USDT"":{""qty"":-0.16378760181701854,""avg_cost"":63229.34343369085},""ETH/USDT"":{""qty"":-3.7932555933028658,""avg_cost"":1748.962062263963},""LTC/USDT"":{""qty"":-204.6052408132135,""avg_cost"":44.19647654498035}}"
2026-08-20,2026-08-20T21:00:00,daily,"{""BTC/USDT"":-0.12200426971298806,""ETH/USDT"":-0.06934424896321531,""BNB/USDT"":-0.15048751407366712}","[{""ticker"":""BNB/USDT"",""qty_delta"":-5.489818914216315,""price"":650.56,""cost_usd"":1.7857282964162828,""notes"":""target_w=-0.1505""},{""ticker"":""BTC/USDT"",""qty_delta"":-0.023351943126103225,""price"":72673.26,""cost_usd"":0.8485309171542562,""notes"":""target_w=-0.1220""},{""ticker"":""ETH/USDT"",""qty_delta"":0.46853968594477235,""price"":2324.99,""cost_usd"":0.5446750422123682,""notes"":""target_w=-0.0693""}]",111468.66,7208.67,11468.66,149573.76,"{""BNB/USDT"":{""qty"":-25.78566243099542,""avg_cost"":608.382495615565},""BTC/USDT"":{""qty"":-0.18713954494312177,""avg_cost"":64407.78918983043},""ETH/USDT"":{""qty"":-3.3247159073580934,""avg_cost"":1748.962062263963},""LTC/USDT"":{""qty"":-204.6052408132135,""avg_cost"":44.19647654498035}}"
2026-08-21,2026-08-21T21:00:00,daily,"{""BTC/USDT"":-0.08595877268428084,""ETH/USDT"":-0.05193476001891298,""LTC/USDT"":-0.0832048201067586,""BNB/USDT"":-0.10537879429825718}","[{""ticker"":""BNB/USDT"",""qty_delta"":10.220728814831975,""price"":672.22,""cost_usd"":3.435289161953176,""notes"":""target_w=-0.1054""},{""ticker"":""BTC/USDT"",""qty_delta"":0.07623104722675364,""price"":76953.94,""cost_usd"":2.933139717212383,""notes"":""target_w=-0.0860""},{""ticker"":""ETH/USDT"",""qty_delta"":1.185943391743007,""price"":2411.01,""cost_usd"":1.4296606884631538,""notes"":""target_w=-0.0519""},{""ticker"":""LTC/USDT"",""qty_delta"":44.12726978538436,""price"":51.48,""cost_usd"":1.1358359242757934,""notes"":""target_w=-0.0832""}]",99281.06,-12187.61,-718.94,131696.97,"{""BNB/USDT"":{""qty"":-15.564933616163444,""avg_cost"":608.382495615565},""BTC/USDT"":{""qty"":-0.11090849771636813,""avg_cost"":64407.78918983043},""ETH/USDT"":{""qty"":-2.1387725156150865,""avg_cost"":1748.962062263963},""LTC/USDT"":{""qty"":-160.47797102782914,""avg_cost"":44.19647654498035}}"
2026-08-22,2026-08-22T21:00:00,daily,"{""BTC/USDT"":-0.07713253515948844,""ETH/USDT"":-0.04943554374496695,""LTC/USDT"":-0.06644590680102691,""BNB/USDT"":-0.09776272756609011}","[{""ticker"":""BNB/USDT"",""qty_delta"":1.7900582227483106,""price"":698.81,""cost_usd"":0.6254552933193733,""notes"":""target_w=-0.0978""},{""ticker"":""BTC/USDT"",""qty_delta"":0.012808784907837989,""price"":77418.25,""cost_usd"":0.4958168560956142,""notes"":""target_w=-0.0771""},{""ticker"":""ETH/USDT"",""qty_delta"":0.14391312250814314,""price"":2440.06,""cost_usd"":0.17557832685360986,""notes"":""target_w=-0.0494""},{""ticker"":""LTC/USDT"",""qty_delta"":37.70691465319925,""price"":53.29,""cost_usd"":1.004700740934494,""notes"":""target_w=-0.0664""}]",98460.79,-820.27,-1539.21,127091.57,"{""BNB/USDT"":{""qty"":-13.774875393415133,""avg_cost"":608.382495615565},""BTC/USDT"":{""qty"":-0.09809971280853014,""avg_cost"":64407.78918983043},""ETH/USDT"":{""qty"":-1.9948593931069434,""avg_cost"":1748.962062263963},""LTC/USDT"":{""qty"":-122.7710563746299,""avg_cost"":44.19647654498035}}"
2026-08-23,2026-08-23T21:00:00,daily,"{""BTC/USDT"":-0.07740315563285209,""ETH/USDT"":-0.04936800197998309,""LTC/USDT"":-0.06964886327930461,""BNB/USDT"":-0.09927769135114325}","[{""ticker"":""BNB/USDT"",""qty_delta"":-0.23035638990145024,""price"":698.83,""cost_usd"":0.08048997797741524,""notes"":""target_w=-0.0993""},{""ticker"":""BTC/USDT"",""qty_delta"":-0.0005868977913665863,""price"":77323.34,""cost_usd"":0.022690448733543808,""notes"":""target_w=-0.0774""},{""ticker"":""ETH/USDT"",""qty_delta"":0.002931581896854718,""price"":2443.33,""cost_usd"":0.0035814109980210193,""notes"":""target_w=-0.0494""},{""ticker"":""LTC/USDT"",""qty_delta"":-8.51618283438276,""price"":52.3,""cost_usd"":0.2226981811191092,""notes"":""target_w=-0.0696""}]",98584.52,123.73,-1415.48,127735.83,"{""BNB/USDT"":{""qty"":-14.005231783316583,""avg_cost"":609.8701654312415},""BTC/USDT"":{""qty"":-0.09868661059989672,""avg_cost"":64484.59908530352},""ETH/USDT"":{""qty"":-1.9919278112100887,""avg_cost"":1748.962062263963},""LTC/USDT"":{""qty"":-131.28723920901265,""avg_cost"":44.72212616455829}}"
2026-08-24,2026-08-24T21:00:00,daily,"{""BTC/USDT"":-0.07886786877636107,""ETH/USDT"":-0.049811521732890614,""LTC/USDT"":-0.07046135763221947,""BNB/USDT"":-0.1015847502974738}","[{""ticker"":""BNB/USDT"",""qty_delta"":-0.2289461086395903,""price"":702.38,""cost_usd"":0.08040358389313772,""notes"":""target_w=-0.1016""},{""ticker"":""BTC/USDT"",""qty_delta"":0.00019685973845333382,""price"":78810.68,""cost_usd"":0.007757324926064693,""notes"":""target_w=-0.0789""},{""ticker"":""ETH/USDT"",""qty_delta"":0.009515460295192346,""price"":2472.93,""cost_usd"":0.011765533613895004,""notes"":""target_w=-0.0498""},{""ticker"":""LTC/USDT"",""qty_delta"":-3.0538963627338944,""price"":51.62,""cost_usd"":0.07882106512216182,""notes"":""target_w=-0.0705""}]",98418.16,-166.36,-1581.84,128015.06,"{""BNB/USDT"":{""qty"":-14.234177891956174,""avg_cost"":611.3581169516013},""BTC/USDT"":{""qty"":-0.09848975086144339,""avg_cost"":64484.59908530352},""ETH/USDT"":{""qty"":-1.9824123509148963,""avg_cost"":1748.962062263963},""LTC/USDT"":{""qty"":-134.34113557174655,""avg_cost"":44.87893138826731}}"
